images/SonyImages/Sony/short/00001_00_0.1s.ARW,images/SonyImages/Sony/long/00001_00_10s.ARW
images/SonyImages/Sony/short/00001_01_0.04s.ARW,images/SonyImages/Sony/long/00001_00_10s.ARW
images/SonyImages/Sony/short/00001_01_0.1s.ARW,images/SonyImages/Sony/long/00001_00_10s.ARW
images/SonyImages/Sony/short/00001_02_0.1s.ARW,images/SonyImages/Sony/long/00001_00_10s.ARW
images/SonyImages/Sony/short/00001_03_0.1s.ARW,images/SonyImages/Sony/long/00001_00_10s.ARW
images/SonyImages/Sony/short/00001_04_0.1s.ARW,images/SonyImages/Sony/long/00001_00_10s.ARW
images/SonyImages/Sony/short/00001_05_0.1s.ARW,images/SonyImages/Sony/long/00001_00_10s.ARW
images/SonyImages/Sony/short/00001_06_0.1s.ARW,images/SonyImages/Sony/long/00001_00_10s.ARW
images/SonyImages/Sony/short/00001_07_0.1s.ARW,images/SonyImages/Sony/long/00001_00_10s.ARW
images/SonyImages/Sony/short/00001_08_0.1s.ARW,images/SonyImages/Sony/long/00001_00_10s.ARW
images/SonyImages/Sony/short/00001_09_0.1s.ARW,images/SonyImages/Sony/long/00001_00_10s.ARW
images/SonyImages/Sony/short/00002_00_0.1s.ARW,images/SonyImages/Sony/long/00002_00_10s.ARW
images/SonyImages/Sony/short/00002_01_0.1s.ARW,images/SonyImages/Sony/long/00002_00_10s.ARW
images/SonyImages/Sony/short/00002_02_0.1s.ARW,images/SonyImages/Sony/long/00002_00_10s.ARW
images/SonyImages/Sony/short/00002_03_0.1s.ARW,images/SonyImages/Sony/long/00002_00_10s.ARW
images/SonyImages/Sony/short/00002_04_0.1s.ARW,images/SonyImages/Sony/long/00002_00_10s.ARW
images/SonyImages/Sony/short/00002_05_0.1s.ARW,images/SonyImages/Sony/long/00002_00_10s.ARW
images/SonyImages/Sony/short/00002_06_0.1s.ARW,images/SonyImages/Sony/long/00002_00_10s.ARW
images/SonyImages/Sony/short/00002_07_0.1s.ARW,images/SonyImages/Sony/long/00002_00_10s.ARW
images/SonyImages/Sony/short/00002_08_0.1s.ARW,images/SonyImages/Sony/long/00002_00_10s.ARW
images/SonyImages/Sony/short/00002_09_0.1s.ARW,images/SonyImages/Sony/long/00002_00_10s.ARW
images/SonyImages/Sony/short/00004_00_0.1s.ARW,images/SonyImages/Sony/long/00004_00_10s.ARW
images/SonyImages/Sony/short/00004_01_0.1s.ARW,images/SonyImages/Sony/long/00004_00_10s.ARW
images/SonyImages/Sony/short/00004_02_0.1s.ARW,images/SonyImages/Sony/long/00004_00_10s.ARW
images/SonyImages/Sony/short/00004_03_0.1s.ARW,images/SonyImages/Sony/long/00004_00_10s.ARW
images/SonyImages/Sony/short/00004_04_0.1s.ARW,images/SonyImages/Sony/long/00004_00_10s.ARW
images/SonyImages/Sony/short/00004_05_0.1s.ARW,images/SonyImages/Sony/long/00004_00_10s.ARW
images/SonyImages/Sony/short/00004_06_0.1s.ARW,images/SonyImages/Sony/long/00004_00_10s.ARW
images/SonyImages/Sony/short/00004_07_0.1s.ARW,images/SonyImages/Sony/long/00004_00_10s.ARW
images/SonyImages/Sony/short/00004_08_0.1s.ARW,images/SonyImages/Sony/long/00004_00_10s.ARW
images/SonyImages/Sony/short/00004_09_0.1s.ARW,images/SonyImages/Sony/long/00004_00_10s.ARW
images/SonyImages/Sony/short/00009_00_0.1s.ARW,images/SonyImages/Sony/long/00009_00_10s.ARW
images/SonyImages/Sony/short/00009_01_0.1s.ARW,images/SonyImages/Sony/long/00009_00_10s.ARW
images/SonyImages/Sony/short/00009_02_0.1s.ARW,images/SonyImages/Sony/long/00009_00_10s.ARW
images/SonyImages/Sony/short/00009_03_0.1s.ARW,images/SonyImages/Sony/long/00009_00_10s.ARW
images/SonyImages/Sony/short/00009_04_0.1s.ARW,images/SonyImages/Sony/long/00009_00_10s.ARW
images/SonyImages/Sony/short/00009_05_0.1s.ARW,images/SonyImages/Sony/long/00009_00_10s.ARW
images/SonyImages/Sony/short/00009_06_0.1s.ARW,images/SonyImages/Sony/long/00009_00_10s.ARW
images/SonyImages/Sony/short/00009_07_0.1s.ARW,images/SonyImages/Sony/long/00009_00_10s.ARW
images/SonyImages/Sony/short/00009_08_0.1s.ARW,images/SonyImages/Sony/long/00009_00_10s.ARW
images/SonyImages/Sony/short/00009_09_0.1s.ARW,images/SonyImages/Sony/long/00009_00_10s.ARW
images/SonyImages/Sony/short/00010_00_0.1s.ARW,images/SonyImages/Sony/long/00010_00_10s.ARW
images/SonyImages/Sony/short/00010_01_0.1s.ARW,images/SonyImages/Sony/long/00010_00_10s.ARW
images/SonyImages/Sony/short/00010_02_0.1s.ARW,images/SonyImages/Sony/long/00010_00_10s.ARW
images/SonyImages/Sony/short/00010_03_0.1s.ARW,images/SonyImages/Sony/long/00010_00_10s.ARW
images/SonyImages/Sony/short/00010_04_0.1s.ARW,images/SonyImages/Sony/long/00010_00_10s.ARW
images/SonyImages/Sony/short/00010_05_0.1s.ARW,images/SonyImages/Sony/long/00010_00_10s.ARW
images/SonyImages/Sony/short/00010_06_0.1s.ARW,images/SonyImages/Sony/long/00010_00_10s.ARW
images/SonyImages/Sony/short/00010_07_0.1s.ARW,images/SonyImages/Sony/long/00010_00_10s.ARW
images/SonyImages/Sony/short/00010_08_0.1s.ARW,images/SonyImages/Sony/long/00010_00_10s.ARW
images/SonyImages/Sony/short/00010_09_0.1s.ARW,images/SonyImages/Sony/long/00010_00_10s.ARW
images/SonyImages/Sony/short/00012_00_0.1s.ARW,images/SonyImages/Sony/long/00012_00_10s.ARW
images/SonyImages/Sony/short/00012_01_0.1s.ARW,images/SonyImages/Sony/long/00012_00_10s.ARW
images/SonyImages/Sony/short/00012_02_0.1s.ARW,images/SonyImages/Sony/long/00012_00_10s.ARW
images/SonyImages/Sony/short/00012_03_0.1s.ARW,images/SonyImages/Sony/long/00012_00_10s.ARW
images/SonyImages/Sony/short/00012_04_0.1s.ARW,images/SonyImages/Sony/long/00012_00_10s.ARW
images/SonyImages/Sony/short/00012_05_0.1s.ARW,images/SonyImages/Sony/long/00012_00_10s.ARW
images/SonyImages/Sony/short/00012_06_0.1s.ARW,images/SonyImages/Sony/long/00012_00_10s.ARW
images/SonyImages/Sony/short/00012_07_0.1s.ARW,images/SonyImages/Sony/long/00012_00_10s.ARW
images/SonyImages/Sony/short/00012_08_0.1s.ARW,images/SonyImages/Sony/long/00012_00_10s.ARW
images/SonyImages/Sony/short/00012_09_0.1s.ARW,images/SonyImages/Sony/long/00012_00_10s.ARW
images/SonyImages/Sony/short/00013_00_0.1s.ARW,images/SonyImages/Sony/long/00013_00_10s.ARW
images/SonyImages/Sony/short/00013_01_0.1s.ARW,images/SonyImages/Sony/long/00013_00_10s.ARW
images/SonyImages/Sony/short/00013_02_0.1s.ARW,images/SonyImages/Sony/long/00013_00_10s.ARW
images/SonyImages/Sony/short/00013_03_0.1s.ARW,images/SonyImages/Sony/long/00013_00_10s.ARW
images/SonyImages/Sony/short/00013_04_0.1s.ARW,images/SonyImages/Sony/long/00013_00_10s.ARW
images/SonyImages/Sony/short/00013_05_0.1s.ARW,images/SonyImages/Sony/long/00013_00_10s.ARW
images/SonyImages/Sony/short/00013_06_0.1s.ARW,images/SonyImages/Sony/long/00013_00_10s.ARW
images/SonyImages/Sony/short/00013_07_0.1s.ARW,images/SonyImages/Sony/long/00013_00_10s.ARW
images/SonyImages/Sony/short/00013_08_0.1s.ARW,images/SonyImages/Sony/long/00013_00_10s.ARW
images/SonyImages/Sony/short/00013_09_0.1s.ARW,images/SonyImages/Sony/long/00013_00_10s.ARW
images/SonyImages/Sony/short/00014_00_0.1s.ARW,images/SonyImages/Sony/long/00014_00_10s.ARW
images/SonyImages/Sony/short/00014_01_0.1s.ARW,images/SonyImages/Sony/long/00014_00_10s.ARW
images/SonyImages/Sony/short/00014_02_0.1s.ARW,images/SonyImages/Sony/long/00014_00_10s.ARW
images/SonyImages/Sony/short/00014_03_0.1s.ARW,images/SonyImages/Sony/long/00014_00_10s.ARW
images/SonyImages/Sony/short/00014_04_0.1s.ARW,images/SonyImages/Sony/long/00014_00_10s.ARW
images/SonyImages/Sony/short/00014_05_0.1s.ARW,images/SonyImages/Sony/long/00014_00_10s.ARW
images/SonyImages/Sony/short/00014_06_0.1s.ARW,images/SonyImages/Sony/long/00014_00_10s.ARW
images/SonyImages/Sony/short/00014_07_0.1s.ARW,images/SonyImages/Sony/long/00014_00_10s.ARW
images/SonyImages/Sony/short/00014_08_0.1s.ARW,images/SonyImages/Sony/long/00014_00_10s.ARW
images/SonyImages/Sony/short/00014_09_0.1s.ARW,images/SonyImages/Sony/long/00014_00_10s.ARW
images/SonyImages/Sony/short/00015_00_0.1s.ARW,images/SonyImages/Sony/long/00015_00_10s.ARW
images/SonyImages/Sony/short/00015_01_0.1s.ARW,images/SonyImages/Sony/long/00015_00_10s.ARW
images/SonyImages/Sony/short/00015_02_0.1s.ARW,images/SonyImages/Sony/long/00015_00_10s.ARW
images/SonyImages/Sony/short/00015_03_0.1s.ARW,images/SonyImages/Sony/long/00015_00_10s.ARW
images/SonyImages/Sony/short/00015_04_0.1s.ARW,images/SonyImages/Sony/long/00015_00_10s.ARW
images/SonyImages/Sony/short/00015_05_0.1s.ARW,images/SonyImages/Sony/long/00015_00_10s.ARW
images/SonyImages/Sony/short/00015_06_0.1s.ARW,images/SonyImages/Sony/long/00015_00_10s.ARW
images/SonyImages/Sony/short/00015_07_0.1s.ARW,images/SonyImages/Sony/long/00015_00_10s.ARW
images/SonyImages/Sony/short/00015_08_0.1s.ARW,images/SonyImages/Sony/long/00015_00_10s.ARW
images/SonyImages/Sony/short/00015_09_0.1s.ARW,images/SonyImages/Sony/long/00015_00_10s.ARW
images/SonyImages/Sony/short/00017_00_0.1s.ARW,images/SonyImages/Sony/long/00017_00_10s.ARW
images/SonyImages/Sony/short/00017_01_0.1s.ARW,images/SonyImages/Sony/long/00017_00_10s.ARW
images/SonyImages/Sony/short/00017_02_0.1s.ARW,images/SonyImages/Sony/long/00017_00_10s.ARW
images/SonyImages/Sony/short/00017_03_0.1s.ARW,images/SonyImages/Sony/long/00017_00_10s.ARW
images/SonyImages/Sony/short/00017_04_0.1s.ARW,images/SonyImages/Sony/long/00017_00_10s.ARW
images/SonyImages/Sony/short/00017_05_0.1s.ARW,images/SonyImages/Sony/long/00017_00_10s.ARW
images/SonyImages/Sony/short/00017_06_0.1s.ARW,images/SonyImages/Sony/long/00017_00_10s.ARW
images/SonyImages/Sony/short/00017_07_0.1s.ARW,images/SonyImages/Sony/long/00017_00_10s.ARW
images/SonyImages/Sony/short/00017_08_0.1s.ARW,images/SonyImages/Sony/long/00017_00_10s.ARW
images/SonyImages/Sony/short/00017_09_0.1s.ARW,images/SonyImages/Sony/long/00017_00_10s.ARW
images/SonyImages/Sony/short/00018_00_0.1s.ARW,images/SonyImages/Sony/long/00018_00_10s.ARW
images/SonyImages/Sony/short/00018_01_0.1s.ARW,images/SonyImages/Sony/long/00018_00_10s.ARW
images/SonyImages/Sony/short/00018_02_0.1s.ARW,images/SonyImages/Sony/long/00018_00_10s.ARW
images/SonyImages/Sony/short/00018_03_0.1s.ARW,images/SonyImages/Sony/long/00018_00_10s.ARW
images/SonyImages/Sony/short/00018_04_0.1s.ARW,images/SonyImages/Sony/long/00018_00_10s.ARW
images/SonyImages/Sony/short/00018_05_0.1s.ARW,images/SonyImages/Sony/long/00018_00_10s.ARW
images/SonyImages/Sony/short/00018_06_0.1s.ARW,images/SonyImages/Sony/long/00018_00_10s.ARW
images/SonyImages/Sony/short/00018_07_0.1s.ARW,images/SonyImages/Sony/long/00018_00_10s.ARW
images/SonyImages/Sony/short/00018_08_0.1s.ARW,images/SonyImages/Sony/long/00018_00_10s.ARW
images/SonyImages/Sony/short/00018_09_0.1s.ARW,images/SonyImages/Sony/long/00018_00_10s.ARW
images/SonyImages/Sony/short/00019_00_0.1s.ARW,images/SonyImages/Sony/long/00019_00_10s.ARW
images/SonyImages/Sony/short/00019_01_0.1s.ARW,images/SonyImages/Sony/long/00019_00_10s.ARW
images/SonyImages/Sony/short/00019_02_0.1s.ARW,images/SonyImages/Sony/long/00019_00_10s.ARW
images/SonyImages/Sony/short/00019_03_0.1s.ARW,images/SonyImages/Sony/long/00019_00_10s.ARW
images/SonyImages/Sony/short/00019_04_0.1s.ARW,images/SonyImages/Sony/long/00019_00_10s.ARW
images/SonyImages/Sony/short/00019_05_0.1s.ARW,images/SonyImages/Sony/long/00019_00_10s.ARW
images/SonyImages/Sony/short/00019_06_0.1s.ARW,images/SonyImages/Sony/long/00019_00_10s.ARW
images/SonyImages/Sony/short/00019_07_0.1s.ARW,images/SonyImages/Sony/long/00019_00_10s.ARW
images/SonyImages/Sony/short/00019_08_0.1s.ARW,images/SonyImages/Sony/long/00019_00_10s.ARW
images/SonyImages/Sony/short/00019_09_0.1s.ARW,images/SonyImages/Sony/long/00019_00_10s.ARW
images/SonyImages/Sony/short/00021_00_0.1s.ARW,images/SonyImages/Sony/long/00021_00_10s.ARW
images/SonyImages/Sony/short/00021_01_0.1s.ARW,images/SonyImages/Sony/long/00021_00_10s.ARW
images/SonyImages/Sony/short/00021_02_0.1s.ARW,images/SonyImages/Sony/long/00021_00_10s.ARW
images/SonyImages/Sony/short/00021_03_0.1s.ARW,images/SonyImages/Sony/long/00021_00_10s.ARW
images/SonyImages/Sony/short/00021_04_0.1s.ARW,images/SonyImages/Sony/long/00021_00_10s.ARW
images/SonyImages/Sony/short/00021_05_0.1s.ARW,images/SonyImages/Sony/long/00021_00_10s.ARW
images/SonyImages/Sony/short/00021_06_0.1s.ARW,images/SonyImages/Sony/long/00021_00_10s.ARW
images/SonyImages/Sony/short/00021_07_0.1s.ARW,images/SonyImages/Sony/long/00021_00_10s.ARW
images/SonyImages/Sony/short/00021_08_0.1s.ARW,images/SonyImages/Sony/long/00021_00_10s.ARW
images/SonyImages/Sony/short/00021_09_0.1s.ARW,images/SonyImages/Sony/long/00021_00_10s.ARW
images/SonyImages/Sony/short/00023_00_0.1s.ARW,images/SonyImages/Sony/long/00023_00_10s.ARW
images/SonyImages/Sony/short/00023_01_0.1s.ARW,images/SonyImages/Sony/long/00023_00_10s.ARW
images/SonyImages/Sony/short/00023_02_0.1s.ARW,images/SonyImages/Sony/long/00023_00_10s.ARW
images/SonyImages/Sony/short/00023_03_0.1s.ARW,images/SonyImages/Sony/long/00023_00_10s.ARW
images/SonyImages/Sony/short/00023_04_0.1s.ARW,images/SonyImages/Sony/long/00023_00_10s.ARW
images/SonyImages/Sony/short/00023_05_0.1s.ARW,images/SonyImages/Sony/long/00023_00_10s.ARW
images/SonyImages/Sony/short/00023_06_0.1s.ARW,images/SonyImages/Sony/long/00023_00_10s.ARW
images/SonyImages/Sony/short/00023_07_0.1s.ARW,images/SonyImages/Sony/long/00023_00_10s.ARW
images/SonyImages/Sony/short/00023_08_0.1s.ARW,images/SonyImages/Sony/long/00023_00_10s.ARW
images/SonyImages/Sony/short/00023_09_0.1s.ARW,images/SonyImages/Sony/long/00023_00_10s.ARW
images/SonyImages/Sony/short/00024_00_0.1s.ARW,images/SonyImages/Sony/long/00024_00_10s.ARW
images/SonyImages/Sony/short/00024_01_0.1s.ARW,images/SonyImages/Sony/long/00024_00_10s.ARW
images/SonyImages/Sony/short/00024_02_0.1s.ARW,images/SonyImages/Sony/long/00024_00_10s.ARW
images/SonyImages/Sony/short/00024_03_0.1s.ARW,images/SonyImages/Sony/long/00024_00_10s.ARW
images/SonyImages/Sony/short/00024_04_0.1s.ARW,images/SonyImages/Sony/long/00024_00_10s.ARW
images/SonyImages/Sony/short/00024_05_0.1s.ARW,images/SonyImages/Sony/long/00024_00_10s.ARW
images/SonyImages/Sony/short/00024_06_0.1s.ARW,images/SonyImages/Sony/long/00024_00_10s.ARW
images/SonyImages/Sony/short/00024_07_0.1s.ARW,images/SonyImages/Sony/long/00024_00_10s.ARW
images/SonyImages/Sony/short/00024_08_0.1s.ARW,images/SonyImages/Sony/long/00024_00_10s.ARW
images/SonyImages/Sony/short/00024_09_0.1s.ARW,images/SonyImages/Sony/long/00024_00_10s.ARW
images/SonyImages/Sony/short/00026_00_0.1s.ARW,images/SonyImages/Sony/long/00026_00_10s.ARW
images/SonyImages/Sony/short/00026_01_0.1s.ARW,images/SonyImages/Sony/long/00026_00_10s.ARW
images/SonyImages/Sony/short/00026_02_0.1s.ARW,images/SonyImages/Sony/long/00026_00_10s.ARW
images/SonyImages/Sony/short/00026_03_0.1s.ARW,images/SonyImages/Sony/long/00026_00_10s.ARW
images/SonyImages/Sony/short/00026_04_0.1s.ARW,images/SonyImages/Sony/long/00026_00_10s.ARW
images/SonyImages/Sony/short/00026_05_0.1s.ARW,images/SonyImages/Sony/long/00026_00_10s.ARW
images/SonyImages/Sony/short/00026_06_0.1s.ARW,images/SonyImages/Sony/long/00026_00_10s.ARW
images/SonyImages/Sony/short/00026_07_0.1s.ARW,images/SonyImages/Sony/long/00026_00_10s.ARW
images/SonyImages/Sony/short/00026_08_0.1s.ARW,images/SonyImages/Sony/long/00026_00_10s.ARW
images/SonyImages/Sony/short/00026_09_0.1s.ARW,images/SonyImages/Sony/long/00026_00_10s.ARW
images/SonyImages/Sony/short/00027_00_0.1s.ARW,images/SonyImages/Sony/long/00027_00_10s.ARW
images/SonyImages/Sony/short/00027_01_0.1s.ARW,images/SonyImages/Sony/long/00027_00_10s.ARW
images/SonyImages/Sony/short/00027_02_0.1s.ARW,images/SonyImages/Sony/long/00027_00_10s.ARW
images/SonyImages/Sony/short/00027_03_0.1s.ARW,images/SonyImages/Sony/long/00027_00_10s.ARW
images/SonyImages/Sony/short/00027_04_0.1s.ARW,images/SonyImages/Sony/long/00027_00_10s.ARW
images/SonyImages/Sony/short/00027_05_0.1s.ARW,images/SonyImages/Sony/long/00027_00_10s.ARW
images/SonyImages/Sony/short/00027_06_0.1s.ARW,images/SonyImages/Sony/long/00027_00_10s.ARW
images/SonyImages/Sony/short/00027_07_0.1s.ARW,images/SonyImages/Sony/long/00027_00_10s.ARW
images/SonyImages/Sony/short/00027_08_0.1s.ARW,images/SonyImages/Sony/long/00027_00_10s.ARW
images/SonyImages/Sony/short/00027_09_0.1s.ARW,images/SonyImages/Sony/long/00027_00_10s.ARW
images/SonyImages/Sony/short/00028_00_0.1s.ARW,images/SonyImages/Sony/long/00028_00_10s.ARW
images/SonyImages/Sony/short/00028_01_0.1s.ARW,images/SonyImages/Sony/long/00028_00_10s.ARW
images/SonyImages/Sony/short/00028_02_0.1s.ARW,images/SonyImages/Sony/long/00028_00_10s.ARW
images/SonyImages/Sony/short/00028_03_0.1s.ARW,images/SonyImages/Sony/long/00028_00_10s.ARW
images/SonyImages/Sony/short/00028_04_0.1s.ARW,images/SonyImages/Sony/long/00028_00_10s.ARW
images/SonyImages/Sony/short/00028_05_0.1s.ARW,images/SonyImages/Sony/long/00028_00_10s.ARW
images/SonyImages/Sony/short/00028_06_0.1s.ARW,images/SonyImages/Sony/long/00028_00_10s.ARW
images/SonyImages/Sony/short/00028_07_0.1s.ARW,images/SonyImages/Sony/long/00028_00_10s.ARW
images/SonyImages/Sony/short/00028_08_0.1s.ARW,images/SonyImages/Sony/long/00028_00_10s.ARW
images/SonyImages/Sony/short/00028_09_0.1s.ARW,images/SonyImages/Sony/long/00028_00_10s.ARW
images/SonyImages/Sony/short/00029_00_0.1s.ARW,images/SonyImages/Sony/long/00029_00_10s.ARW
images/SonyImages/Sony/short/00029_01_0.1s.ARW,images/SonyImages/Sony/long/00029_00_10s.ARW
images/SonyImages/Sony/short/00029_02_0.1s.ARW,images/SonyImages/Sony/long/00029_00_10s.ARW
images/SonyImages/Sony/short/00029_03_0.1s.ARW,images/SonyImages/Sony/long/00029_00_10s.ARW
images/SonyImages/Sony/short/00029_04_0.1s.ARW,images/SonyImages/Sony/long/00029_00_10s.ARW
images/SonyImages/Sony/short/00029_05_0.1s.ARW,images/SonyImages/Sony/long/00029_00_10s.ARW
images/SonyImages/Sony/short/00029_06_0.1s.ARW,images/SonyImages/Sony/long/00029_00_10s.ARW
images/SonyImages/Sony/short/00029_07_0.1s.ARW,images/SonyImages/Sony/long/00029_00_10s.ARW
images/SonyImages/Sony/short/00029_08_0.1s.ARW,images/SonyImages/Sony/long/00029_00_10s.ARW
images/SonyImages/Sony/short/00029_09_0.1s.ARW,images/SonyImages/Sony/long/00029_00_10s.ARW
images/SonyImages/Sony/short/00031_00_0.1s.ARW,images/SonyImages/Sony/long/00031_00_10s.ARW
images/SonyImages/Sony/short/00031_01_0.1s.ARW,images/SonyImages/Sony/long/00031_00_10s.ARW
images/SonyImages/Sony/short/00031_02_0.1s.ARW,images/SonyImages/Sony/long/00031_00_10s.ARW
images/SonyImages/Sony/short/00031_03_0.1s.ARW,images/SonyImages/Sony/long/00031_00_10s.ARW
images/SonyImages/Sony/short/00031_04_0.1s.ARW,images/SonyImages/Sony/long/00031_00_10s.ARW
images/SonyImages/Sony/short/00031_05_0.1s.ARW,images/SonyImages/Sony/long/00031_00_10s.ARW
images/SonyImages/Sony/short/00031_06_0.1s.ARW,images/SonyImages/Sony/long/00031_00_10s.ARW
images/SonyImages/Sony/short/00031_07_0.1s.ARW,images/SonyImages/Sony/long/00031_00_10s.ARW
images/SonyImages/Sony/short/00031_08_0.1s.ARW,images/SonyImages/Sony/long/00031_00_10s.ARW
images/SonyImages/Sony/short/00031_09_0.1s.ARW,images/SonyImages/Sony/long/00031_00_10s.ARW
images/SonyImages/Sony/short/00033_00_0.1s.ARW,images/SonyImages/Sony/long/00033_00_10s.ARW
images/SonyImages/Sony/short/00033_01_0.1s.ARW,images/SonyImages/Sony/long/00033_00_10s.ARW
images/SonyImages/Sony/short/00033_02_0.1s.ARW,images/SonyImages/Sony/long/00033_00_10s.ARW
images/SonyImages/Sony/short/00033_03_0.1s.ARW,images/SonyImages/Sony/long/00033_00_10s.ARW
images/SonyImages/Sony/short/00033_04_0.1s.ARW,images/SonyImages/Sony/long/00033_00_10s.ARW
images/SonyImages/Sony/short/00033_05_0.1s.ARW,images/SonyImages/Sony/long/00033_00_10s.ARW
images/SonyImages/Sony/short/00033_06_0.1s.ARW,images/SonyImages/Sony/long/00033_00_10s.ARW
images/SonyImages/Sony/short/00033_07_0.1s.ARW,images/SonyImages/Sony/long/00033_00_10s.ARW
images/SonyImages/Sony/short/00033_08_0.1s.ARW,images/SonyImages/Sony/long/00033_00_10s.ARW
images/SonyImages/Sony/short/00033_09_0.1s.ARW,images/SonyImages/Sony/long/00033_00_10s.ARW
images/SonyImages/Sony/short/00036_00_0.1s.ARW,images/SonyImages/Sony/long/00036_00_10s.ARW
images/SonyImages/Sony/short/00036_01_0.1s.ARW,images/SonyImages/Sony/long/00036_00_10s.ARW
images/SonyImages/Sony/short/00036_02_0.1s.ARW,images/SonyImages/Sony/long/00036_00_10s.ARW
images/SonyImages/Sony/short/00036_03_0.1s.ARW,images/SonyImages/Sony/long/00036_00_10s.ARW
images/SonyImages/Sony/short/00036_04_0.1s.ARW,images/SonyImages/Sony/long/00036_00_10s.ARW
images/SonyImages/Sony/short/00036_05_0.1s.ARW,images/SonyImages/Sony/long/00036_00_10s.ARW
images/SonyImages/Sony/short/00036_06_0.1s.ARW,images/SonyImages/Sony/long/00036_00_10s.ARW
images/SonyImages/Sony/short/00036_07_0.1s.ARW,images/SonyImages/Sony/long/00036_00_10s.ARW
images/SonyImages/Sony/short/00036_08_0.1s.ARW,images/SonyImages/Sony/long/00036_00_10s.ARW
images/SonyImages/Sony/short/00036_09_0.1s.ARW,images/SonyImages/Sony/long/00036_00_10s.ARW
images/SonyImages/Sony/short/00037_00_0.1s.ARW,images/SonyImages/Sony/long/00037_00_10s.ARW
images/SonyImages/Sony/short/00037_01_0.1s.ARW,images/SonyImages/Sony/long/00037_00_10s.ARW
images/SonyImages/Sony/short/00037_02_0.1s.ARW,images/SonyImages/Sony/long/00037_00_10s.ARW
images/SonyImages/Sony/short/00037_03_0.1s.ARW,images/SonyImages/Sony/long/00037_00_10s.ARW
images/SonyImages/Sony/short/00037_04_0.1s.ARW,images/SonyImages/Sony/long/00037_00_10s.ARW
images/SonyImages/Sony/short/00037_05_0.1s.ARW,images/SonyImages/Sony/long/00037_00_10s.ARW
images/SonyImages/Sony/short/00037_06_0.1s.ARW,images/SonyImages/Sony/long/00037_00_10s.ARW
images/SonyImages/Sony/short/00037_07_0.1s.ARW,images/SonyImages/Sony/long/00037_00_10s.ARW
images/SonyImages/Sony/short/00037_08_0.1s.ARW,images/SonyImages/Sony/long/00037_00_10s.ARW
images/SonyImages/Sony/short/00037_09_0.1s.ARW,images/SonyImages/Sony/long/00037_00_10s.ARW
images/SonyImages/Sony/short/00038_00_0.1s.ARW,images/SonyImages/Sony/long/00038_00_10s.ARW
images/SonyImages/Sony/short/00038_01_0.1s.ARW,images/SonyImages/Sony/long/00038_00_10s.ARW
images/SonyImages/Sony/short/00038_02_0.1s.ARW,images/SonyImages/Sony/long/00038_00_10s.ARW
images/SonyImages/Sony/short/00038_03_0.1s.ARW,images/SonyImages/Sony/long/00038_00_10s.ARW
images/SonyImages/Sony/short/00038_04_0.1s.ARW,images/SonyImages/Sony/long/00038_00_10s.ARW
images/SonyImages/Sony/short/00038_05_0.1s.ARW,images/SonyImages/Sony/long/00038_00_10s.ARW
images/SonyImages/Sony/short/00038_06_0.1s.ARW,images/SonyImages/Sony/long/00038_00_10s.ARW
images/SonyImages/Sony/short/00038_07_0.1s.ARW,images/SonyImages/Sony/long/00038_00_10s.ARW
images/SonyImages/Sony/short/00038_08_0.1s.ARW,images/SonyImages/Sony/long/00038_00_10s.ARW
images/SonyImages/Sony/short/00038_09_0.1s.ARW,images/SonyImages/Sony/long/00038_00_10s.ARW
images/SonyImages/Sony/short/00039_00_0.1s.ARW,images/SonyImages/Sony/long/00039_00_10s.ARW
images/SonyImages/Sony/short/00039_01_0.1s.ARW,images/SonyImages/Sony/long/00039_00_10s.ARW
images/SonyImages/Sony/short/00039_02_0.1s.ARW,images/SonyImages/Sony/long/00039_00_10s.ARW
images/SonyImages/Sony/short/00039_03_0.1s.ARW,images/SonyImages/Sony/long/00039_00_10s.ARW
images/SonyImages/Sony/short/00039_04_0.1s.ARW,images/SonyImages/Sony/long/00039_00_10s.ARW
images/SonyImages/Sony/short/00039_05_0.1s.ARW,images/SonyImages/Sony/long/00039_00_10s.ARW
images/SonyImages/Sony/short/00039_06_0.1s.ARW,images/SonyImages/Sony/long/00039_00_10s.ARW
images/SonyImages/Sony/short/00039_07_0.1s.ARW,images/SonyImages/Sony/long/00039_00_10s.ARW
images/SonyImages/Sony/short/00039_08_0.1s.ARW,images/SonyImages/Sony/long/00039_00_10s.ARW
images/SonyImages/Sony/short/00039_09_0.1s.ARW,images/SonyImages/Sony/long/00039_00_10s.ARW
images/SonyImages/Sony/short/00039_10_0.1s.ARW,images/SonyImages/Sony/long/00039_00_10s.ARW
images/SonyImages/Sony/short/00041_00_0.1s.ARW,images/SonyImages/Sony/long/00041_00_10s.ARW
images/SonyImages/Sony/short/00041_01_0.1s.ARW,images/SonyImages/Sony/long/00041_00_10s.ARW
images/SonyImages/Sony/short/00041_02_0.1s.ARW,images/SonyImages/Sony/long/00041_00_10s.ARW
images/SonyImages/Sony/short/00041_03_0.1s.ARW,images/SonyImages/Sony/long/00041_00_10s.ARW
images/SonyImages/Sony/short/00041_04_0.1s.ARW,images/SonyImages/Sony/long/00041_00_10s.ARW
images/SonyImages/Sony/short/00041_05_0.1s.ARW,images/SonyImages/Sony/long/00041_00_10s.ARW
images/SonyImages/Sony/short/00041_06_0.1s.ARW,images/SonyImages/Sony/long/00041_00_10s.ARW
images/SonyImages/Sony/short/00041_07_0.1s.ARW,images/SonyImages/Sony/long/00041_00_10s.ARW
images/SonyImages/Sony/short/00041_08_0.1s.ARW,images/SonyImages/Sony/long/00041_00_10s.ARW
images/SonyImages/Sony/short/00041_09_0.1s.ARW,images/SonyImages/Sony/long/00041_00_10s.ARW
images/SonyImages/Sony/short/00042_00_0.1s.ARW,images/SonyImages/Sony/long/00042_00_10s.ARW
images/SonyImages/Sony/short/00042_01_0.1s.ARW,images/SonyImages/Sony/long/00042_00_10s.ARW
images/SonyImages/Sony/short/00042_02_0.1s.ARW,images/SonyImages/Sony/long/00042_00_10s.ARW
images/SonyImages/Sony/short/00042_03_0.1s.ARW,images/SonyImages/Sony/long/00042_00_10s.ARW
images/SonyImages/Sony/short/00042_04_0.1s.ARW,images/SonyImages/Sony/long/00042_00_10s.ARW
images/SonyImages/Sony/short/00042_05_0.1s.ARW,images/SonyImages/Sony/long/00042_00_10s.ARW
images/SonyImages/Sony/short/00042_06_0.1s.ARW,images/SonyImages/Sony/long/00042_00_10s.ARW
images/SonyImages/Sony/short/00042_07_0.1s.ARW,images/SonyImages/Sony/long/00042_00_10s.ARW
images/SonyImages/Sony/short/00042_08_0.1s.ARW,images/SonyImages/Sony/long/00042_00_10s.ARW
images/SonyImages/Sony/short/00042_09_0.1s.ARW,images/SonyImages/Sony/long/00042_00_10s.ARW
images/SonyImages/Sony/short/00043_00_0.1s.ARW,images/SonyImages/Sony/long/00043_00_10s.ARW
images/SonyImages/Sony/short/00043_01_0.1s.ARW,images/SonyImages/Sony/long/00043_00_10s.ARW
images/SonyImages/Sony/short/00043_02_0.1s.ARW,images/SonyImages/Sony/long/00043_00_10s.ARW
images/SonyImages/Sony/short/00043_03_0.1s.ARW,images/SonyImages/Sony/long/00043_00_10s.ARW
images/SonyImages/Sony/short/00043_04_0.1s.ARW,images/SonyImages/Sony/long/00043_00_10s.ARW
images/SonyImages/Sony/short/00043_05_0.1s.ARW,images/SonyImages/Sony/long/00043_00_10s.ARW
images/SonyImages/Sony/short/00043_06_0.1s.ARW,images/SonyImages/Sony/long/00043_00_10s.ARW
images/SonyImages/Sony/short/00043_07_0.1s.ARW,images/SonyImages/Sony/long/00043_00_10s.ARW
images/SonyImages/Sony/short/00043_08_0.1s.ARW,images/SonyImages/Sony/long/00043_00_10s.ARW
images/SonyImages/Sony/short/00043_09_0.1s.ARW,images/SonyImages/Sony/long/00043_00_10s.ARW
images/SonyImages/Sony/short/00043_10_0.1s.ARW,images/SonyImages/Sony/long/00043_00_10s.ARW
images/SonyImages/Sony/short/00043_11_0.1s.ARW,images/SonyImages/Sony/long/00043_00_10s.ARW
images/SonyImages/Sony/short/00044_00_0.1s.ARW,images/SonyImages/Sony/long/00044_00_10s.ARW
images/SonyImages/Sony/short/00044_01_0.1s.ARW,images/SonyImages/Sony/long/00044_00_10s.ARW
images/SonyImages/Sony/short/00044_02_0.1s.ARW,images/SonyImages/Sony/long/00044_00_10s.ARW
images/SonyImages/Sony/short/00044_03_0.1s.ARW,images/SonyImages/Sony/long/00044_00_10s.ARW
images/SonyImages/Sony/short/00044_04_0.1s.ARW,images/SonyImages/Sony/long/00044_00_10s.ARW
images/SonyImages/Sony/short/00044_05_0.1s.ARW,images/SonyImages/Sony/long/00044_00_10s.ARW
images/SonyImages/Sony/short/00044_06_0.1s.ARW,images/SonyImages/Sony/long/00044_00_10s.ARW
images/SonyImages/Sony/short/00044_07_0.1s.ARW,images/SonyImages/Sony/long/00044_00_10s.ARW
images/SonyImages/Sony/short/00044_08_0.1s.ARW,images/SonyImages/Sony/long/00044_00_10s.ARW
images/SonyImages/Sony/short/00044_09_0.1s.ARW,images/SonyImages/Sony/long/00044_00_10s.ARW
images/SonyImages/Sony/short/00046_00_0.1s.ARW,images/SonyImages/Sony/long/00046_00_10s.ARW
images/SonyImages/Sony/short/00046_01_0.1s.ARW,images/SonyImages/Sony/long/00046_00_10s.ARW
images/SonyImages/Sony/short/00046_02_0.1s.ARW,images/SonyImages/Sony/long/00046_00_10s.ARW
images/SonyImages/Sony/short/00046_03_0.1s.ARW,images/SonyImages/Sony/long/00046_00_10s.ARW
images/SonyImages/Sony/short/00046_04_0.1s.ARW,images/SonyImages/Sony/long/00046_00_10s.ARW
images/SonyImages/Sony/short/00046_05_0.1s.ARW,images/SonyImages/Sony/long/00046_00_10s.ARW
images/SonyImages/Sony/short/00046_06_0.1s.ARW,images/SonyImages/Sony/long/00046_00_10s.ARW
images/SonyImages/Sony/short/00046_07_0.1s.ARW,images/SonyImages/Sony/long/00046_00_10s.ARW
images/SonyImages/Sony/short/00046_08_0.1s.ARW,images/SonyImages/Sony/long/00046_00_10s.ARW
images/SonyImages/Sony/short/00046_09_0.1s.ARW,images/SonyImages/Sony/long/00046_00_10s.ARW
images/SonyImages/Sony/short/00047_00_0.1s.ARW,images/SonyImages/Sony/long/00047_00_10s.ARW
images/SonyImages/Sony/short/00047_01_0.1s.ARW,images/SonyImages/Sony/long/00047_00_10s.ARW
images/SonyImages/Sony/short/00047_02_0.1s.ARW,images/SonyImages/Sony/long/00047_00_10s.ARW
images/SonyImages/Sony/short/00047_03_0.1s.ARW,images/SonyImages/Sony/long/00047_00_10s.ARW
images/SonyImages/Sony/short/00047_04_0.1s.ARW,images/SonyImages/Sony/long/00047_00_10s.ARW
images/SonyImages/Sony/short/00047_05_0.1s.ARW,images/SonyImages/Sony/long/00047_00_10s.ARW
images/SonyImages/Sony/short/00047_06_0.1s.ARW,images/SonyImages/Sony/long/00047_00_10s.ARW
images/SonyImages/Sony/short/00047_07_0.1s.ARW,images/SonyImages/Sony/long/00047_00_10s.ARW
images/SonyImages/Sony/short/00047_08_0.1s.ARW,images/SonyImages/Sony/long/00047_00_10s.ARW
images/SonyImages/Sony/short/00047_09_0.1s.ARW,images/SonyImages/Sony/long/00047_00_10s.ARW
images/SonyImages/Sony/short/00048_00_0.1s.ARW,images/SonyImages/Sony/long/00048_00_10s.ARW
images/SonyImages/Sony/short/00048_01_0.1s.ARW,images/SonyImages/Sony/long/00048_00_10s.ARW
images/SonyImages/Sony/short/00048_02_0.1s.ARW,images/SonyImages/Sony/long/00048_00_10s.ARW
images/SonyImages/Sony/short/00048_03_0.1s.ARW,images/SonyImages/Sony/long/00048_00_10s.ARW
images/SonyImages/Sony/short/00048_04_0.1s.ARW,images/SonyImages/Sony/long/00048_00_10s.ARW
images/SonyImages/Sony/short/00048_05_0.1s.ARW,images/SonyImages/Sony/long/00048_00_10s.ARW
images/SonyImages/Sony/short/00048_06_0.1s.ARW,images/SonyImages/Sony/long/00048_00_10s.ARW
images/SonyImages/Sony/short/00048_07_0.1s.ARW,images/SonyImages/Sony/long/00048_00_10s.ARW
images/SonyImages/Sony/short/00048_08_0.1s.ARW,images/SonyImages/Sony/long/00048_00_10s.ARW
images/SonyImages/Sony/short/00048_09_0.1s.ARW,images/SonyImages/Sony/long/00048_00_10s.ARW
images/SonyImages/Sony/short/00049_00_0.1s.ARW,images/SonyImages/Sony/long/00049_00_10s.ARW
images/SonyImages/Sony/short/00049_01_0.1s.ARW,images/SonyImages/Sony/long/00049_00_10s.ARW
images/SonyImages/Sony/short/00049_02_0.1s.ARW,images/SonyImages/Sony/long/00049_00_10s.ARW
images/SonyImages/Sony/short/00049_03_0.1s.ARW,images/SonyImages/Sony/long/00049_00_10s.ARW
images/SonyImages/Sony/short/00049_04_0.1s.ARW,images/SonyImages/Sony/long/00049_00_10s.ARW
images/SonyImages/Sony/short/00049_05_0.1s.ARW,images/SonyImages/Sony/long/00049_00_10s.ARW
images/SonyImages/Sony/short/00049_06_0.1s.ARW,images/SonyImages/Sony/long/00049_00_10s.ARW
images/SonyImages/Sony/short/00049_07_0.1s.ARW,images/SonyImages/Sony/long/00049_00_10s.ARW
images/SonyImages/Sony/short/00049_08_0.1s.ARW,images/SonyImages/Sony/long/00049_00_10s.ARW
images/SonyImages/Sony/short/00049_09_0.1s.ARW,images/SonyImages/Sony/long/00049_00_10s.ARW
images/SonyImages/Sony/short/00050_00_0.1s.ARW,images/SonyImages/Sony/long/00050_00_10s.ARW
images/SonyImages/Sony/short/00050_01_0.1s.ARW,images/SonyImages/Sony/long/00050_00_10s.ARW
images/SonyImages/Sony/short/00050_02_0.1s.ARW,images/SonyImages/Sony/long/00050_00_10s.ARW
images/SonyImages/Sony/short/00050_03_0.1s.ARW,images/SonyImages/Sony/long/00050_00_10s.ARW
images/SonyImages/Sony/short/00050_04_0.1s.ARW,images/SonyImages/Sony/long/00050_00_10s.ARW
images/SonyImages/Sony/short/00050_05_0.1s.ARW,images/SonyImages/Sony/long/00050_00_10s.ARW
images/SonyImages/Sony/short/00050_06_0.1s.ARW,images/SonyImages/Sony/long/00050_00_10s.ARW
images/SonyImages/Sony/short/00050_07_0.1s.ARW,images/SonyImages/Sony/long/00050_00_10s.ARW
images/SonyImages/Sony/short/00050_08_0.1s.ARW,images/SonyImages/Sony/long/00050_00_10s.ARW
images/SonyImages/Sony/short/00050_09_0.1s.ARW,images/SonyImages/Sony/long/00050_00_10s.ARW
images/SonyImages/Sony/short/00050_10_0.1s.ARW,images/SonyImages/Sony/long/00050_00_10s.ARW
images/SonyImages/Sony/short/00050_11_0.1s.ARW,images/SonyImages/Sony/long/00050_00_10s.ARW
images/SonyImages/Sony/short/00051_00_0.1s.ARW,images/SonyImages/Sony/long/00051_00_10s.ARW
images/SonyImages/Sony/short/00051_01_0.1s.ARW,images/SonyImages/Sony/long/00051_00_10s.ARW
images/SonyImages/Sony/short/00051_02_0.1s.ARW,images/SonyImages/Sony/long/00051_00_10s.ARW
images/SonyImages/Sony/short/00051_03_0.1s.ARW,images/SonyImages/Sony/long/00051_00_10s.ARW
images/SonyImages/Sony/short/00051_04_0.1s.ARW,images/SonyImages/Sony/long/00051_00_10s.ARW
images/SonyImages/Sony/short/00051_05_0.1s.ARW,images/SonyImages/Sony/long/00051_00_10s.ARW
images/SonyImages/Sony/short/00051_06_0.1s.ARW,images/SonyImages/Sony/long/00051_00_10s.ARW
images/SonyImages/Sony/short/00051_07_0.1s.ARW,images/SonyImages/Sony/long/00051_00_10s.ARW
images/SonyImages/Sony/short/00051_08_0.1s.ARW,images/SonyImages/Sony/long/00051_00_10s.ARW
images/SonyImages/Sony/short/00051_09_0.1s.ARW,images/SonyImages/Sony/long/00051_00_10s.ARW
images/SonyImages/Sony/short/00052_00_0.1s.ARW,images/SonyImages/Sony/long/00052_00_10s.ARW
images/SonyImages/Sony/short/00052_01_0.1s.ARW,images/SonyImages/Sony/long/00052_00_10s.ARW
images/SonyImages/Sony/short/00052_02_0.1s.ARW,images/SonyImages/Sony/long/00052_00_10s.ARW
images/SonyImages/Sony/short/00052_03_0.1s.ARW,images/SonyImages/Sony/long/00052_00_10s.ARW
images/SonyImages/Sony/short/00052_04_0.1s.ARW,images/SonyImages/Sony/long/00052_00_10s.ARW
images/SonyImages/Sony/short/00052_05_0.1s.ARW,images/SonyImages/Sony/long/00052_00_10s.ARW
images/SonyImages/Sony/short/00052_06_0.1s.ARW,images/SonyImages/Sony/long/00052_00_10s.ARW
images/SonyImages/Sony/short/00052_07_0.1s.ARW,images/SonyImages/Sony/long/00052_00_10s.ARW
images/SonyImages/Sony/short/00052_08_0.1s.ARW,images/SonyImages/Sony/long/00052_00_10s.ARW
images/SonyImages/Sony/short/00052_09_0.1s.ARW,images/SonyImages/Sony/long/00052_00_10s.ARW
images/SonyImages/Sony/short/00053_00_0.1s.ARW,images/SonyImages/Sony/long/00053_00_10s.ARW
images/SonyImages/Sony/short/00053_01_0.1s.ARW,images/SonyImages/Sony/long/00053_00_10s.ARW
images/SonyImages/Sony/short/00053_02_0.1s.ARW,images/SonyImages/Sony/long/00053_00_10s.ARW
images/SonyImages/Sony/short/00053_03_0.1s.ARW,images/SonyImages/Sony/long/00053_00_10s.ARW
images/SonyImages/Sony/short/00053_04_0.1s.ARW,images/SonyImages/Sony/long/00053_00_10s.ARW
images/SonyImages/Sony/short/00053_05_0.1s.ARW,images/SonyImages/Sony/long/00053_00_10s.ARW
images/SonyImages/Sony/short/00053_06_0.1s.ARW,images/SonyImages/Sony/long/00053_00_10s.ARW
images/SonyImages/Sony/short/00053_07_0.1s.ARW,images/SonyImages/Sony/long/00053_00_10s.ARW
images/SonyImages/Sony/short/00053_08_0.1s.ARW,images/SonyImages/Sony/long/00053_00_10s.ARW
images/SonyImages/Sony/short/00053_09_0.1s.ARW,images/SonyImages/Sony/long/00053_00_10s.ARW
images/SonyImages/Sony/short/00056_00_0.1s.ARW,images/SonyImages/Sony/long/00056_00_10s.ARW
images/SonyImages/Sony/short/00056_01_0.1s.ARW,images/SonyImages/Sony/long/00056_00_10s.ARW
images/SonyImages/Sony/short/00056_02_0.1s.ARW,images/SonyImages/Sony/long/00056_00_10s.ARW
images/SonyImages/Sony/short/00056_03_0.1s.ARW,images/SonyImages/Sony/long/00056_00_10s.ARW
images/SonyImages/Sony/short/00056_04_0.1s.ARW,images/SonyImages/Sony/long/00056_00_10s.ARW
images/SonyImages/Sony/short/00056_05_0.1s.ARW,images/SonyImages/Sony/long/00056_00_10s.ARW
images/SonyImages/Sony/short/00056_06_0.1s.ARW,images/SonyImages/Sony/long/00056_00_10s.ARW
images/SonyImages/Sony/short/00056_07_0.1s.ARW,images/SonyImages/Sony/long/00056_00_10s.ARW
images/SonyImages/Sony/short/00056_08_0.1s.ARW,images/SonyImages/Sony/long/00056_00_10s.ARW
images/SonyImages/Sony/short/00056_09_0.1s.ARW,images/SonyImages/Sony/long/00056_00_10s.ARW
images/SonyImages/Sony/short/00057_00_0.1s.ARW,images/SonyImages/Sony/long/00057_00_10s.ARW
images/SonyImages/Sony/short/00057_01_0.1s.ARW,images/SonyImages/Sony/long/00057_00_10s.ARW
images/SonyImages/Sony/short/00057_02_0.1s.ARW,images/SonyImages/Sony/long/00057_00_10s.ARW
images/SonyImages/Sony/short/00057_03_0.1s.ARW,images/SonyImages/Sony/long/00057_00_10s.ARW
images/SonyImages/Sony/short/00057_04_0.1s.ARW,images/SonyImages/Sony/long/00057_00_10s.ARW
images/SonyImages/Sony/short/00057_05_0.1s.ARW,images/SonyImages/Sony/long/00057_00_10s.ARW
images/SonyImages/Sony/short/00057_06_0.1s.ARW,images/SonyImages/Sony/long/00057_00_10s.ARW
images/SonyImages/Sony/short/00057_07_0.1s.ARW,images/SonyImages/Sony/long/00057_00_10s.ARW
images/SonyImages/Sony/short/00057_08_0.1s.ARW,images/SonyImages/Sony/long/00057_00_10s.ARW
images/SonyImages/Sony/short/00057_09_0.1s.ARW,images/SonyImages/Sony/long/00057_00_10s.ARW
images/SonyImages/Sony/short/00058_00_0.1s.ARW,images/SonyImages/Sony/long/00058_00_10s.ARW
images/SonyImages/Sony/short/00058_01_0.1s.ARW,images/SonyImages/Sony/long/00058_00_10s.ARW
images/SonyImages/Sony/short/00058_02_0.1s.ARW,images/SonyImages/Sony/long/00058_00_10s.ARW
images/SonyImages/Sony/short/00058_03_0.1s.ARW,images/SonyImages/Sony/long/00058_00_10s.ARW
images/SonyImages/Sony/short/00058_04_0.1s.ARW,images/SonyImages/Sony/long/00058_00_10s.ARW
images/SonyImages/Sony/short/00058_05_0.1s.ARW,images/SonyImages/Sony/long/00058_00_10s.ARW
images/SonyImages/Sony/short/00058_06_0.1s.ARW,images/SonyImages/Sony/long/00058_00_10s.ARW
images/SonyImages/Sony/short/00058_07_0.1s.ARW,images/SonyImages/Sony/long/00058_00_10s.ARW
images/SonyImages/Sony/short/00058_08_0.1s.ARW,images/SonyImages/Sony/long/00058_00_10s.ARW
images/SonyImages/Sony/short/00058_09_0.1s.ARW,images/SonyImages/Sony/long/00058_00_10s.ARW
images/SonyImages/Sony/short/00058_10_0.1s.ARW,images/SonyImages/Sony/long/00058_00_10s.ARW
images/SonyImages/Sony/short/00059_00_0.1s.ARW,images/SonyImages/Sony/long/00059_00_10s.ARW
images/SonyImages/Sony/short/00059_01_0.1s.ARW,images/SonyImages/Sony/long/00059_00_10s.ARW
images/SonyImages/Sony/short/00059_02_0.1s.ARW,images/SonyImages/Sony/long/00059_00_10s.ARW
images/SonyImages/Sony/short/00059_03_0.1s.ARW,images/SonyImages/Sony/long/00059_00_10s.ARW
images/SonyImages/Sony/short/00059_04_0.1s.ARW,images/SonyImages/Sony/long/00059_00_10s.ARW
images/SonyImages/Sony/short/00059_05_0.1s.ARW,images/SonyImages/Sony/long/00059_00_10s.ARW
images/SonyImages/Sony/short/00059_06_0.1s.ARW,images/SonyImages/Sony/long/00059_00_10s.ARW
images/SonyImages/Sony/short/00059_07_0.1s.ARW,images/SonyImages/Sony/long/00059_00_10s.ARW
images/SonyImages/Sony/short/00059_08_0.1s.ARW,images/SonyImages/Sony/long/00059_00_10s.ARW
images/SonyImages/Sony/short/00059_09_0.1s.ARW,images/SonyImages/Sony/long/00059_00_10s.ARW
images/SonyImages/Sony/short/00060_00_0.1s.ARW,images/SonyImages/Sony/long/00060_00_10s.ARW
images/SonyImages/Sony/short/00060_01_0.1s.ARW,images/SonyImages/Sony/long/00060_00_10s.ARW
images/SonyImages/Sony/short/00060_02_0.1s.ARW,images/SonyImages/Sony/long/00060_00_10s.ARW
images/SonyImages/Sony/short/00060_03_0.1s.ARW,images/SonyImages/Sony/long/00060_00_10s.ARW
images/SonyImages/Sony/short/00060_04_0.1s.ARW,images/SonyImages/Sony/long/00060_00_10s.ARW
images/SonyImages/Sony/short/00060_05_0.1s.ARW,images/SonyImages/Sony/long/00060_00_10s.ARW
images/SonyImages/Sony/short/00060_06_0.1s.ARW,images/SonyImages/Sony/long/00060_00_10s.ARW
images/SonyImages/Sony/short/00060_07_0.1s.ARW,images/SonyImages/Sony/long/00060_00_10s.ARW
images/SonyImages/Sony/short/00060_08_0.1s.ARW,images/SonyImages/Sony/long/00060_00_10s.ARW
images/SonyImages/Sony/short/00060_09_0.1s.ARW,images/SonyImages/Sony/long/00060_00_10s.ARW
images/SonyImages/Sony/short/00062_00_0.1s.ARW,images/SonyImages/Sony/long/00062_00_10s.ARW
images/SonyImages/Sony/short/00062_01_0.1s.ARW,images/SonyImages/Sony/long/00062_00_10s.ARW
images/SonyImages/Sony/short/00062_02_0.1s.ARW,images/SonyImages/Sony/long/00062_00_10s.ARW
images/SonyImages/Sony/short/00062_03_0.1s.ARW,images/SonyImages/Sony/long/00062_00_10s.ARW
images/SonyImages/Sony/short/00062_04_0.1s.ARW,images/SonyImages/Sony/long/00062_00_10s.ARW
images/SonyImages/Sony/short/00062_05_0.1s.ARW,images/SonyImages/Sony/long/00062_00_10s.ARW
images/SonyImages/Sony/short/00062_06_0.1s.ARW,images/SonyImages/Sony/long/00062_00_10s.ARW
images/SonyImages/Sony/short/00062_07_0.1s.ARW,images/SonyImages/Sony/long/00062_00_10s.ARW
images/SonyImages/Sony/short/00062_08_0.1s.ARW,images/SonyImages/Sony/long/00062_00_10s.ARW
images/SonyImages/Sony/short/00062_09_0.1s.ARW,images/SonyImages/Sony/long/00062_00_10s.ARW
images/SonyImages/Sony/short/00063_00_0.1s.ARW,images/SonyImages/Sony/long/00063_00_10s.ARW
images/SonyImages/Sony/short/00063_01_0.1s.ARW,images/SonyImages/Sony/long/00063_00_10s.ARW
images/SonyImages/Sony/short/00063_02_0.1s.ARW,images/SonyImages/Sony/long/00063_00_10s.ARW
images/SonyImages/Sony/short/00063_03_0.1s.ARW,images/SonyImages/Sony/long/00063_00_10s.ARW
images/SonyImages/Sony/short/00063_04_0.1s.ARW,images/SonyImages/Sony/long/00063_00_10s.ARW
images/SonyImages/Sony/short/00063_05_0.1s.ARW,images/SonyImages/Sony/long/00063_00_10s.ARW
images/SonyImages/Sony/short/00063_06_0.1s.ARW,images/SonyImages/Sony/long/00063_00_10s.ARW
images/SonyImages/Sony/short/00063_07_0.1s.ARW,images/SonyImages/Sony/long/00063_00_10s.ARW
images/SonyImages/Sony/short/00063_08_0.1s.ARW,images/SonyImages/Sony/long/00063_00_10s.ARW
images/SonyImages/Sony/short/00063_09_0.1s.ARW,images/SonyImages/Sony/long/00063_00_10s.ARW
images/SonyImages/Sony/short/00064_00_0.1s.ARW,images/SonyImages/Sony/long/00064_00_10s.ARW
images/SonyImages/Sony/short/00064_01_0.1s.ARW,images/SonyImages/Sony/long/00064_00_10s.ARW
images/SonyImages/Sony/short/00064_02_0.1s.ARW,images/SonyImages/Sony/long/00064_00_10s.ARW
images/SonyImages/Sony/short/00064_03_0.1s.ARW,images/SonyImages/Sony/long/00064_00_10s.ARW
images/SonyImages/Sony/short/00064_04_0.1s.ARW,images/SonyImages/Sony/long/00064_00_10s.ARW
images/SonyImages/Sony/short/00064_05_0.1s.ARW,images/SonyImages/Sony/long/00064_00_10s.ARW
images/SonyImages/Sony/short/00064_06_0.1s.ARW,images/SonyImages/Sony/long/00064_00_10s.ARW
images/SonyImages/Sony/short/00064_07_0.1s.ARW,images/SonyImages/Sony/long/00064_00_10s.ARW
images/SonyImages/Sony/short/00064_08_0.1s.ARW,images/SonyImages/Sony/long/00064_00_10s.ARW
images/SonyImages/Sony/short/00064_09_0.1s.ARW,images/SonyImages/Sony/long/00064_00_10s.ARW
images/SonyImages/Sony/short/00065_00_0.1s.ARW,images/SonyImages/Sony/long/00065_00_10s.ARW
images/SonyImages/Sony/short/00065_01_0.1s.ARW,images/SonyImages/Sony/long/00065_00_10s.ARW
images/SonyImages/Sony/short/00065_02_0.1s.ARW,images/SonyImages/Sony/long/00065_00_10s.ARW
images/SonyImages/Sony/short/00065_03_0.1s.ARW,images/SonyImages/Sony/long/00065_00_10s.ARW
images/SonyImages/Sony/short/00065_04_0.1s.ARW,images/SonyImages/Sony/long/00065_00_10s.ARW
images/SonyImages/Sony/short/00065_05_0.1s.ARW,images/SonyImages/Sony/long/00065_00_10s.ARW
images/SonyImages/Sony/short/00065_06_0.1s.ARW,images/SonyImages/Sony/long/00065_00_10s.ARW
images/SonyImages/Sony/short/00065_07_0.1s.ARW,images/SonyImages/Sony/long/00065_00_10s.ARW
images/SonyImages/Sony/short/00065_08_0.1s.ARW,images/SonyImages/Sony/long/00065_00_10s.ARW
images/SonyImages/Sony/short/00065_09_0.1s.ARW,images/SonyImages/Sony/long/00065_00_10s.ARW
images/SonyImages/Sony/short/00066_00_0.1s.ARW,images/SonyImages/Sony/long/00066_00_10s.ARW
images/SonyImages/Sony/short/00066_01_0.1s.ARW,images/SonyImages/Sony/long/00066_00_10s.ARW
images/SonyImages/Sony/short/00066_02_0.1s.ARW,images/SonyImages/Sony/long/00066_00_10s.ARW
images/SonyImages/Sony/short/00066_03_0.1s.ARW,images/SonyImages/Sony/long/00066_00_10s.ARW
images/SonyImages/Sony/short/00066_04_0.1s.ARW,images/SonyImages/Sony/long/00066_00_10s.ARW
images/SonyImages/Sony/short/00066_05_0.1s.ARW,images/SonyImages/Sony/long/00066_00_10s.ARW
images/SonyImages/Sony/short/00066_06_0.1s.ARW,images/SonyImages/Sony/long/00066_00_10s.ARW
images/SonyImages/Sony/short/00066_07_0.1s.ARW,images/SonyImages/Sony/long/00066_00_10s.ARW
images/SonyImages/Sony/short/00066_08_0.1s.ARW,images/SonyImages/Sony/long/00066_00_10s.ARW
images/SonyImages/Sony/short/00066_09_0.1s.ARW,images/SonyImages/Sony/long/00066_00_10s.ARW
images/SonyImages/Sony/short/00067_00_0.1s.ARW,images/SonyImages/Sony/long/00067_00_10s.ARW
images/SonyImages/Sony/short/00067_01_0.1s.ARW,images/SonyImages/Sony/long/00067_00_10s.ARW
images/SonyImages/Sony/short/00067_02_0.1s.ARW,images/SonyImages/Sony/long/00067_00_10s.ARW
images/SonyImages/Sony/short/00067_03_0.1s.ARW,images/SonyImages/Sony/long/00067_00_10s.ARW
images/SonyImages/Sony/short/00067_04_0.1s.ARW,images/SonyImages/Sony/long/00067_00_10s.ARW
images/SonyImages/Sony/short/00067_05_0.1s.ARW,images/SonyImages/Sony/long/00067_00_10s.ARW
images/SonyImages/Sony/short/00067_06_0.1s.ARW,images/SonyImages/Sony/long/00067_00_10s.ARW
images/SonyImages/Sony/short/00067_07_0.1s.ARW,images/SonyImages/Sony/long/00067_00_10s.ARW
images/SonyImages/Sony/short/00067_08_0.1s.ARW,images/SonyImages/Sony/long/00067_00_10s.ARW
images/SonyImages/Sony/short/00067_09_0.1s.ARW,images/SonyImages/Sony/long/00067_00_10s.ARW
images/SonyImages/Sony/short/00070_00_0.1s.ARW,images/SonyImages/Sony/long/00070_00_10s.ARW
images/SonyImages/Sony/short/00070_01_0.1s.ARW,images/SonyImages/Sony/long/00070_00_10s.ARW
images/SonyImages/Sony/short/00070_02_0.1s.ARW,images/SonyImages/Sony/long/00070_00_10s.ARW
images/SonyImages/Sony/short/00070_03_0.1s.ARW,images/SonyImages/Sony/long/00070_00_10s.ARW
images/SonyImages/Sony/short/00070_04_0.1s.ARW,images/SonyImages/Sony/long/00070_00_10s.ARW
images/SonyImages/Sony/short/00070_05_0.1s.ARW,images/SonyImages/Sony/long/00070_00_10s.ARW
images/SonyImages/Sony/short/00070_06_0.1s.ARW,images/SonyImages/Sony/long/00070_00_10s.ARW
images/SonyImages/Sony/short/00070_07_0.1s.ARW,images/SonyImages/Sony/long/00070_00_10s.ARW
images/SonyImages/Sony/short/00070_08_0.1s.ARW,images/SonyImages/Sony/long/00070_00_10s.ARW
images/SonyImages/Sony/short/00070_09_0.1s.ARW,images/SonyImages/Sony/long/00070_00_10s.ARW
images/SonyImages/Sony/short/00071_00_0.1s.ARW,images/SonyImages/Sony/long/00071_00_10s.ARW
images/SonyImages/Sony/short/00071_01_0.1s.ARW,images/SonyImages/Sony/long/00071_00_10s.ARW
images/SonyImages/Sony/short/00071_02_0.1s.ARW,images/SonyImages/Sony/long/00071_00_10s.ARW
images/SonyImages/Sony/short/00071_03_0.1s.ARW,images/SonyImages/Sony/long/00071_00_10s.ARW
images/SonyImages/Sony/short/00071_04_0.1s.ARW,images/SonyImages/Sony/long/00071_00_10s.ARW
images/SonyImages/Sony/short/00071_05_0.1s.ARW,images/SonyImages/Sony/long/00071_00_10s.ARW
images/SonyImages/Sony/short/00071_06_0.1s.ARW,images/SonyImages/Sony/long/00071_00_10s.ARW
images/SonyImages/Sony/short/00071_07_0.1s.ARW,images/SonyImages/Sony/long/00071_00_10s.ARW
images/SonyImages/Sony/short/00071_08_0.1s.ARW,images/SonyImages/Sony/long/00071_00_10s.ARW
images/SonyImages/Sony/short/00071_09_0.1s.ARW,images/SonyImages/Sony/long/00071_00_10s.ARW
images/SonyImages/Sony/short/00072_00_0.1s.ARW,images/SonyImages/Sony/long/00072_00_30s.ARW
images/SonyImages/Sony/short/00072_01_0.1s.ARW,images/SonyImages/Sony/long/00072_00_30s.ARW
images/SonyImages/Sony/short/00072_02_0.1s.ARW,images/SonyImages/Sony/long/00072_00_30s.ARW
images/SonyImages/Sony/short/00072_03_0.1s.ARW,images/SonyImages/Sony/long/00072_00_30s.ARW
images/SonyImages/Sony/short/00072_04_0.1s.ARW,images/SonyImages/Sony/long/00072_00_30s.ARW
images/SonyImages/Sony/short/00072_05_0.1s.ARW,images/SonyImages/Sony/long/00072_00_30s.ARW
images/SonyImages/Sony/short/00072_06_0.1s.ARW,images/SonyImages/Sony/long/00072_00_30s.ARW
images/SonyImages/Sony/short/00072_07_0.1s.ARW,images/SonyImages/Sony/long/00072_00_30s.ARW
images/SonyImages/Sony/short/00072_08_0.1s.ARW,images/SonyImages/Sony/long/00072_00_30s.ARW
images/SonyImages/Sony/short/00072_09_0.1s.ARW,images/SonyImages/Sony/long/00072_00_30s.ARW
images/SonyImages/Sony/short/00073_00_0.1s.ARW,images/SonyImages/Sony/long/00073_00_30s.ARW
images/SonyImages/Sony/short/00073_01_0.1s.ARW,images/SonyImages/Sony/long/00073_00_30s.ARW
images/SonyImages/Sony/short/00073_02_0.1s.ARW,images/SonyImages/Sony/long/00073_00_30s.ARW
images/SonyImages/Sony/short/00073_03_0.1s.ARW,images/SonyImages/Sony/long/00073_00_30s.ARW
images/SonyImages/Sony/short/00073_04_0.1s.ARW,images/SonyImages/Sony/long/00073_00_30s.ARW
images/SonyImages/Sony/short/00073_05_0.1s.ARW,images/SonyImages/Sony/long/00073_00_30s.ARW
images/SonyImages/Sony/short/00073_06_0.1s.ARW,images/SonyImages/Sony/long/00073_00_30s.ARW
images/SonyImages/Sony/short/00073_07_0.1s.ARW,images/SonyImages/Sony/long/00073_00_30s.ARW
images/SonyImages/Sony/short/00073_08_0.1s.ARW,images/SonyImages/Sony/long/00073_00_30s.ARW
images/SonyImages/Sony/short/00073_09_0.1s.ARW,images/SonyImages/Sony/long/00073_00_30s.ARW
images/SonyImages/Sony/short/00075_00_0.1s.ARW,images/SonyImages/Sony/long/00075_00_30s.ARW
images/SonyImages/Sony/short/00075_01_0.1s.ARW,images/SonyImages/Sony/long/00075_00_30s.ARW
images/SonyImages/Sony/short/00075_02_0.1s.ARW,images/SonyImages/Sony/long/00075_00_30s.ARW
images/SonyImages/Sony/short/00075_03_0.1s.ARW,images/SonyImages/Sony/long/00075_00_30s.ARW
images/SonyImages/Sony/short/00075_04_0.1s.ARW,images/SonyImages/Sony/long/00075_00_30s.ARW
images/SonyImages/Sony/short/00075_05_0.1s.ARW,images/SonyImages/Sony/long/00075_00_30s.ARW
images/SonyImages/Sony/short/00075_06_0.1s.ARW,images/SonyImages/Sony/long/00075_00_30s.ARW
images/SonyImages/Sony/short/00075_07_0.1s.ARW,images/SonyImages/Sony/long/00075_00_30s.ARW
images/SonyImages/Sony/short/00075_08_0.1s.ARW,images/SonyImages/Sony/long/00075_00_30s.ARW
images/SonyImages/Sony/short/00075_09_0.1s.ARW,images/SonyImages/Sony/long/00075_00_30s.ARW
images/SonyImages/Sony/short/00076_00_0.1s.ARW,images/SonyImages/Sony/long/00076_00_30s.ARW
images/SonyImages/Sony/short/00076_01_0.1s.ARW,images/SonyImages/Sony/long/00076_00_30s.ARW
images/SonyImages/Sony/short/00076_02_0.1s.ARW,images/SonyImages/Sony/long/00076_00_30s.ARW
images/SonyImages/Sony/short/00076_03_0.1s.ARW,images/SonyImages/Sony/long/00076_00_30s.ARW
images/SonyImages/Sony/short/00076_04_0.1s.ARW,images/SonyImages/Sony/long/00076_00_30s.ARW
images/SonyImages/Sony/short/00076_05_0.1s.ARW,images/SonyImages/Sony/long/00076_00_30s.ARW
images/SonyImages/Sony/short/00076_06_0.1s.ARW,images/SonyImages/Sony/long/00076_00_30s.ARW
images/SonyImages/Sony/short/00076_07_0.1s.ARW,images/SonyImages/Sony/long/00076_00_30s.ARW
images/SonyImages/Sony/short/00076_08_0.1s.ARW,images/SonyImages/Sony/long/00076_00_30s.ARW
images/SonyImages/Sony/short/00076_09_0.1s.ARW,images/SonyImages/Sony/long/00076_00_30s.ARW
images/SonyImages/Sony/short/00078_00_0.1s.ARW,images/SonyImages/Sony/long/00078_00_30s.ARW
images/SonyImages/Sony/short/00078_01_0.1s.ARW,images/SonyImages/Sony/long/00078_00_30s.ARW
images/SonyImages/Sony/short/00078_02_0.1s.ARW,images/SonyImages/Sony/long/00078_00_30s.ARW
images/SonyImages/Sony/short/00078_03_0.1s.ARW,images/SonyImages/Sony/long/00078_00_30s.ARW
images/SonyImages/Sony/short/00078_04_0.1s.ARW,images/SonyImages/Sony/long/00078_00_30s.ARW
images/SonyImages/Sony/short/00078_05_0.1s.ARW,images/SonyImages/Sony/long/00078_00_30s.ARW
images/SonyImages/Sony/short/00078_06_0.1s.ARW,images/SonyImages/Sony/long/00078_00_30s.ARW
images/SonyImages/Sony/short/00078_07_0.1s.ARW,images/SonyImages/Sony/long/00078_00_30s.ARW
images/SonyImages/Sony/short/00078_08_0.1s.ARW,images/SonyImages/Sony/long/00078_00_30s.ARW
images/SonyImages/Sony/short/00078_09_0.1s.ARW,images/SonyImages/Sony/long/00078_00_30s.ARW
images/SonyImages/Sony/short/00081_00_0.1s.ARW,images/SonyImages/Sony/long/00081_00_30s.ARW
images/SonyImages/Sony/short/00081_01_0.1s.ARW,images/SonyImages/Sony/long/00081_00_30s.ARW
images/SonyImages/Sony/short/00081_02_0.1s.ARW,images/SonyImages/Sony/long/00081_00_30s.ARW
images/SonyImages/Sony/short/00081_03_0.1s.ARW,images/SonyImages/Sony/long/00081_00_30s.ARW
images/SonyImages/Sony/short/00081_04_0.1s.ARW,images/SonyImages/Sony/long/00081_00_30s.ARW
images/SonyImages/Sony/short/00081_05_0.1s.ARW,images/SonyImages/Sony/long/00081_00_30s.ARW
images/SonyImages/Sony/short/00081_06_0.1s.ARW,images/SonyImages/Sony/long/00081_00_30s.ARW
images/SonyImages/Sony/short/00081_07_0.1s.ARW,images/SonyImages/Sony/long/00081_00_30s.ARW
images/SonyImages/Sony/short/00081_08_0.1s.ARW,images/SonyImages/Sony/long/00081_00_30s.ARW
images/SonyImages/Sony/short/00081_09_0.1s.ARW,images/SonyImages/Sony/long/00081_00_30s.ARW
images/SonyImages/Sony/short/00083_00_0.1s.ARW,images/SonyImages/Sony/long/00083_00_30s.ARW
images/SonyImages/Sony/short/00083_01_0.1s.ARW,images/SonyImages/Sony/long/00083_00_30s.ARW
images/SonyImages/Sony/short/00083_02_0.1s.ARW,images/SonyImages/Sony/long/00083_00_30s.ARW
images/SonyImages/Sony/short/00083_03_0.1s.ARW,images/SonyImages/Sony/long/00083_00_30s.ARW
images/SonyImages/Sony/short/00083_04_0.1s.ARW,images/SonyImages/Sony/long/00083_00_30s.ARW
images/SonyImages/Sony/short/00083_05_0.1s.ARW,images/SonyImages/Sony/long/00083_00_30s.ARW
images/SonyImages/Sony/short/00083_06_0.1s.ARW,images/SonyImages/Sony/long/00083_00_30s.ARW
images/SonyImages/Sony/short/00083_07_0.1s.ARW,images/SonyImages/Sony/long/00083_00_30s.ARW
images/SonyImages/Sony/short/00083_08_0.1s.ARW,images/SonyImages/Sony/long/00083_00_30s.ARW
images/SonyImages/Sony/short/00083_09_0.1s.ARW,images/SonyImages/Sony/long/00083_00_30s.ARW
images/SonyImages/Sony/short/00084_00_0.1s.ARW,images/SonyImages/Sony/long/00084_00_30s.ARW
images/SonyImages/Sony/short/00084_01_0.1s.ARW,images/SonyImages/Sony/long/00084_00_30s.ARW
images/SonyImages/Sony/short/00084_02_0.1s.ARW,images/SonyImages/Sony/long/00084_00_30s.ARW
images/SonyImages/Sony/short/00084_03_0.1s.ARW,images/SonyImages/Sony/long/00084_00_30s.ARW
images/SonyImages/Sony/short/00084_04_0.1s.ARW,images/SonyImages/Sony/long/00084_00_30s.ARW
images/SonyImages/Sony/short/00084_05_0.1s.ARW,images/SonyImages/Sony/long/00084_00_30s.ARW
images/SonyImages/Sony/short/00084_06_0.1s.ARW,images/SonyImages/Sony/long/00084_00_30s.ARW
images/SonyImages/Sony/short/00084_07_0.1s.ARW,images/SonyImages/Sony/long/00084_00_30s.ARW
images/SonyImages/Sony/short/00084_08_0.1s.ARW,images/SonyImages/Sony/long/00084_00_30s.ARW
images/SonyImages/Sony/short/00084_09_0.1s.ARW,images/SonyImages/Sony/long/00084_00_30s.ARW
images/SonyImages/Sony/short/00085_00_0.1s.ARW,images/SonyImages/Sony/long/00085_00_30s.ARW
images/SonyImages/Sony/short/00085_01_0.1s.ARW,images/SonyImages/Sony/long/00085_00_30s.ARW
images/SonyImages/Sony/short/00085_02_0.1s.ARW,images/SonyImages/Sony/long/00085_00_30s.ARW
images/SonyImages/Sony/short/00085_03_0.1s.ARW,images/SonyImages/Sony/long/00085_00_30s.ARW
images/SonyImages/Sony/short/00085_04_0.1s.ARW,images/SonyImages/Sony/long/00085_00_30s.ARW
images/SonyImages/Sony/short/00085_05_0.1s.ARW,images/SonyImages/Sony/long/00085_00_30s.ARW
images/SonyImages/Sony/short/00085_06_0.1s.ARW,images/SonyImages/Sony/long/00085_00_30s.ARW
images/SonyImages/Sony/short/00085_07_0.1s.ARW,images/SonyImages/Sony/long/00085_00_30s.ARW
images/SonyImages/Sony/short/00085_08_0.1s.ARW,images/SonyImages/Sony/long/00085_00_30s.ARW
images/SonyImages/Sony/short/00085_09_0.1s.ARW,images/SonyImages/Sony/long/00085_00_30s.ARW
images/SonyImages/Sony/short/00086_00_0.1s.ARW,images/SonyImages/Sony/long/00086_00_30s.ARW
images/SonyImages/Sony/short/00086_01_0.1s.ARW,images/SonyImages/Sony/long/00086_00_30s.ARW
images/SonyImages/Sony/short/00086_02_0.1s.ARW,images/SonyImages/Sony/long/00086_00_30s.ARW
images/SonyImages/Sony/short/00086_03_0.1s.ARW,images/SonyImages/Sony/long/00086_00_30s.ARW
images/SonyImages/Sony/short/00086_04_0.1s.ARW,images/SonyImages/Sony/long/00086_00_30s.ARW
images/SonyImages/Sony/short/00086_05_0.1s.ARW,images/SonyImages/Sony/long/00086_00_30s.ARW
images/SonyImages/Sony/short/00086_06_0.1s.ARW,images/SonyImages/Sony/long/00086_00_30s.ARW
images/SonyImages/Sony/short/00086_07_0.1s.ARW,images/SonyImages/Sony/long/00086_00_30s.ARW
images/SonyImages/Sony/short/00086_08_0.1s.ARW,images/SonyImages/Sony/long/00086_00_30s.ARW
images/SonyImages/Sony/short/00086_09_0.1s.ARW,images/SonyImages/Sony/long/00086_00_30s.ARW
images/SonyImages/Sony/short/00088_00_0.1s.ARW,images/SonyImages/Sony/long/00088_00_30s.ARW
images/SonyImages/Sony/short/00088_01_0.1s.ARW,images/SonyImages/Sony/long/00088_00_30s.ARW
images/SonyImages/Sony/short/00088_02_0.1s.ARW,images/SonyImages/Sony/long/00088_00_30s.ARW
images/SonyImages/Sony/short/00088_03_0.1s.ARW,images/SonyImages/Sony/long/00088_00_30s.ARW
images/SonyImages/Sony/short/00088_04_0.1s.ARW,images/SonyImages/Sony/long/00088_00_30s.ARW
images/SonyImages/Sony/short/00088_05_0.1s.ARW,images/SonyImages/Sony/long/00088_00_30s.ARW
images/SonyImages/Sony/short/00088_06_0.1s.ARW,images/SonyImages/Sony/long/00088_00_30s.ARW
images/SonyImages/Sony/short/00088_07_0.1s.ARW,images/SonyImages/Sony/long/00088_00_30s.ARW
images/SonyImages/Sony/short/00088_08_0.1s.ARW,images/SonyImages/Sony/long/00088_00_30s.ARW
images/SonyImages/Sony/short/00088_09_0.1s.ARW,images/SonyImages/Sony/long/00088_00_30s.ARW
images/SonyImages/Sony/short/00090_00_0.1s.ARW,images/SonyImages/Sony/long/00090_00_30s.ARW
images/SonyImages/Sony/short/00090_01_0.1s.ARW,images/SonyImages/Sony/long/00090_00_30s.ARW
images/SonyImages/Sony/short/00090_02_0.1s.ARW,images/SonyImages/Sony/long/00090_00_30s.ARW
images/SonyImages/Sony/short/00090_03_0.1s.ARW,images/SonyImages/Sony/long/00090_00_30s.ARW
images/SonyImages/Sony/short/00090_04_0.1s.ARW,images/SonyImages/Sony/long/00090_00_30s.ARW
images/SonyImages/Sony/short/00090_05_0.1s.ARW,images/SonyImages/Sony/long/00090_00_30s.ARW
images/SonyImages/Sony/short/00090_06_0.1s.ARW,images/SonyImages/Sony/long/00090_00_30s.ARW
images/SonyImages/Sony/short/00090_07_0.1s.ARW,images/SonyImages/Sony/long/00090_00_30s.ARW
images/SonyImages/Sony/short/00090_08_0.1s.ARW,images/SonyImages/Sony/long/00090_00_30s.ARW
images/SonyImages/Sony/short/00090_09_0.1s.ARW,images/SonyImages/Sony/long/00090_00_30s.ARW
images/SonyImages/Sony/short/00091_00_0.1s.ARW,images/SonyImages/Sony/long/00091_00_30s.ARW
images/SonyImages/Sony/short/00091_01_0.1s.ARW,images/SonyImages/Sony/long/00091_00_30s.ARW
images/SonyImages/Sony/short/00091_02_0.1s.ARW,images/SonyImages/Sony/long/00091_00_30s.ARW
images/SonyImages/Sony/short/00091_03_0.1s.ARW,images/SonyImages/Sony/long/00091_00_30s.ARW
images/SonyImages/Sony/short/00091_04_0.1s.ARW,images/SonyImages/Sony/long/00091_00_30s.ARW
images/SonyImages/Sony/short/00091_05_0.1s.ARW,images/SonyImages/Sony/long/00091_00_30s.ARW
images/SonyImages/Sony/short/00091_06_0.1s.ARW,images/SonyImages/Sony/long/00091_00_30s.ARW
images/SonyImages/Sony/short/00091_07_0.1s.ARW,images/SonyImages/Sony/long/00091_00_30s.ARW
images/SonyImages/Sony/short/00091_08_0.1s.ARW,images/SonyImages/Sony/long/00091_00_30s.ARW
images/SonyImages/Sony/short/00091_09_0.1s.ARW,images/SonyImages/Sony/long/00091_00_30s.ARW
images/SonyImages/Sony/short/00092_00_0.1s.ARW,images/SonyImages/Sony/long/00092_00_30s.ARW
images/SonyImages/Sony/short/00092_01_0.1s.ARW,images/SonyImages/Sony/long/00092_00_30s.ARW
images/SonyImages/Sony/short/00092_02_0.1s.ARW,images/SonyImages/Sony/long/00092_00_30s.ARW
images/SonyImages/Sony/short/00092_03_0.1s.ARW,images/SonyImages/Sony/long/00092_00_30s.ARW
images/SonyImages/Sony/short/00092_04_0.1s.ARW,images/SonyImages/Sony/long/00092_00_30s.ARW
images/SonyImages/Sony/short/00092_05_0.1s.ARW,images/SonyImages/Sony/long/00092_00_30s.ARW
images/SonyImages/Sony/short/00092_06_0.1s.ARW,images/SonyImages/Sony/long/00092_00_30s.ARW
images/SonyImages/Sony/short/00092_07_0.1s.ARW,images/SonyImages/Sony/long/00092_00_30s.ARW
images/SonyImages/Sony/short/00092_08_0.1s.ARW,images/SonyImages/Sony/long/00092_00_30s.ARW
images/SonyImages/Sony/short/00092_09_0.1s.ARW,images/SonyImages/Sony/long/00092_00_30s.ARW
images/SonyImages/Sony/short/00094_00_0.1s.ARW,images/SonyImages/Sony/long/00094_00_30s.ARW
images/SonyImages/Sony/short/00094_01_0.1s.ARW,images/SonyImages/Sony/long/00094_00_30s.ARW
images/SonyImages/Sony/short/00094_02_0.1s.ARW,images/SonyImages/Sony/long/00094_00_30s.ARW
images/SonyImages/Sony/short/00094_03_0.1s.ARW,images/SonyImages/Sony/long/00094_00_30s.ARW
images/SonyImages/Sony/short/00094_04_0.1s.ARW,images/SonyImages/Sony/long/00094_00_30s.ARW
images/SonyImages/Sony/short/00094_05_0.1s.ARW,images/SonyImages/Sony/long/00094_00_30s.ARW
images/SonyImages/Sony/short/00094_06_0.1s.ARW,images/SonyImages/Sony/long/00094_00_30s.ARW
images/SonyImages/Sony/short/00094_07_0.1s.ARW,images/SonyImages/Sony/long/00094_00_30s.ARW
images/SonyImages/Sony/short/00094_08_0.1s.ARW,images/SonyImages/Sony/long/00094_00_30s.ARW
images/SonyImages/Sony/short/00094_09_0.1s.ARW,images/SonyImages/Sony/long/00094_00_30s.ARW
images/SonyImages/Sony/short/00095_00_0.1s.ARW,images/SonyImages/Sony/long/00095_00_30s.ARW
images/SonyImages/Sony/short/00095_01_0.1s.ARW,images/SonyImages/Sony/long/00095_00_30s.ARW
images/SonyImages/Sony/short/00095_02_0.1s.ARW,images/SonyImages/Sony/long/00095_00_30s.ARW
images/SonyImages/Sony/short/00095_03_0.1s.ARW,images/SonyImages/Sony/long/00095_00_30s.ARW
images/SonyImages/Sony/short/00095_04_0.1s.ARW,images/SonyImages/Sony/long/00095_00_30s.ARW
images/SonyImages/Sony/short/00095_05_0.1s.ARW,images/SonyImages/Sony/long/00095_00_30s.ARW
images/SonyImages/Sony/short/00095_06_0.1s.ARW,images/SonyImages/Sony/long/00095_00_30s.ARW
images/SonyImages/Sony/short/00095_07_0.1s.ARW,images/SonyImages/Sony/long/00095_00_30s.ARW
images/SonyImages/Sony/short/00095_08_0.1s.ARW,images/SonyImages/Sony/long/00095_00_30s.ARW
images/SonyImages/Sony/short/00095_09_0.1s.ARW,images/SonyImages/Sony/long/00095_00_30s.ARW
images/SonyImages/Sony/short/00096_00_0.1s.ARW,images/SonyImages/Sony/long/00096_00_30s.ARW
images/SonyImages/Sony/short/00096_01_0.1s.ARW,images/SonyImages/Sony/long/00096_00_30s.ARW
images/SonyImages/Sony/short/00096_02_0.1s.ARW,images/SonyImages/Sony/long/00096_00_30s.ARW
images/SonyImages/Sony/short/00096_03_0.1s.ARW,images/SonyImages/Sony/long/00096_00_30s.ARW
images/SonyImages/Sony/short/00096_04_0.1s.ARW,images/SonyImages/Sony/long/00096_00_30s.ARW
images/SonyImages/Sony/short/00096_05_0.1s.ARW,images/SonyImages/Sony/long/00096_00_30s.ARW
images/SonyImages/Sony/short/00096_06_0.1s.ARW,images/SonyImages/Sony/long/00096_00_30s.ARW
images/SonyImages/Sony/short/00096_07_0.1s.ARW,images/SonyImages/Sony/long/00096_00_30s.ARW
images/SonyImages/Sony/short/00096_08_0.1s.ARW,images/SonyImages/Sony/long/00096_00_30s.ARW
images/SonyImages/Sony/short/00096_09_0.1s.ARW,images/SonyImages/Sony/long/00096_00_30s.ARW
images/SonyImages/Sony/short/00097_00_0.1s.ARW,images/SonyImages/Sony/long/00097_00_30s.ARW
images/SonyImages/Sony/short/00097_01_0.1s.ARW,images/SonyImages/Sony/long/00097_00_30s.ARW
images/SonyImages/Sony/short/00097_02_0.1s.ARW,images/SonyImages/Sony/long/00097_00_30s.ARW
images/SonyImages/Sony/short/00097_03_0.1s.ARW,images/SonyImages/Sony/long/00097_00_30s.ARW
images/SonyImages/Sony/short/00097_04_0.1s.ARW,images/SonyImages/Sony/long/00097_00_30s.ARW
images/SonyImages/Sony/short/00097_05_0.1s.ARW,images/SonyImages/Sony/long/00097_00_30s.ARW
images/SonyImages/Sony/short/00097_06_0.1s.ARW,images/SonyImages/Sony/long/00097_00_30s.ARW
images/SonyImages/Sony/short/00097_07_0.1s.ARW,images/SonyImages/Sony/long/00097_00_30s.ARW
images/SonyImages/Sony/short/00097_08_0.1s.ARW,images/SonyImages/Sony/long/00097_00_30s.ARW
images/SonyImages/Sony/short/00097_09_0.1s.ARW,images/SonyImages/Sony/long/00097_00_30s.ARW
images/SonyImages/Sony/short/00098_00_0.1s.ARW,images/SonyImages/Sony/long/00098_00_30s.ARW
images/SonyImages/Sony/short/00098_01_0.1s.ARW,images/SonyImages/Sony/long/00098_00_30s.ARW
images/SonyImages/Sony/short/00098_02_0.1s.ARW,images/SonyImages/Sony/long/00098_00_30s.ARW
images/SonyImages/Sony/short/00098_03_0.1s.ARW,images/SonyImages/Sony/long/00098_00_30s.ARW
images/SonyImages/Sony/short/00098_04_0.1s.ARW,images/SonyImages/Sony/long/00098_00_30s.ARW
images/SonyImages/Sony/short/00098_05_0.1s.ARW,images/SonyImages/Sony/long/00098_00_30s.ARW
images/SonyImages/Sony/short/00098_06_0.1s.ARW,images/SonyImages/Sony/long/00098_00_30s.ARW
images/SonyImages/Sony/short/00098_07_0.1s.ARW,images/SonyImages/Sony/long/00098_00_30s.ARW
images/SonyImages/Sony/short/00098_08_0.1s.ARW,images/SonyImages/Sony/long/00098_00_30s.ARW
images/SonyImages/Sony/short/00098_09_0.1s.ARW,images/SonyImages/Sony/long/00098_00_30s.ARW
images/SonyImages/Sony/short/00099_00_0.1s.ARW,images/SonyImages/Sony/long/00099_00_30s.ARW
images/SonyImages/Sony/short/00099_01_0.1s.ARW,images/SonyImages/Sony/long/00099_00_30s.ARW
images/SonyImages/Sony/short/00099_02_0.1s.ARW,images/SonyImages/Sony/long/00099_00_30s.ARW
images/SonyImages/Sony/short/00099_03_0.1s.ARW,images/SonyImages/Sony/long/00099_00_30s.ARW
images/SonyImages/Sony/short/00099_04_0.1s.ARW,images/SonyImages/Sony/long/00099_00_30s.ARW
images/SonyImages/Sony/short/00099_05_0.1s.ARW,images/SonyImages/Sony/long/00099_00_30s.ARW
images/SonyImages/Sony/short/00099_06_0.1s.ARW,images/SonyImages/Sony/long/00099_00_30s.ARW
images/SonyImages/Sony/short/00099_07_0.1s.ARW,images/SonyImages/Sony/long/00099_00_30s.ARW
images/SonyImages/Sony/short/00099_08_0.1s.ARW,images/SonyImages/Sony/long/00099_00_30s.ARW
images/SonyImages/Sony/short/00099_09_0.1s.ARW,images/SonyImages/Sony/long/00099_00_30s.ARW
images/SonyImages/Sony/short/00100_00_0.1s.ARW,images/SonyImages/Sony/long/00100_00_30s.ARW
images/SonyImages/Sony/short/00100_01_0.1s.ARW,images/SonyImages/Sony/long/00100_00_30s.ARW
images/SonyImages/Sony/short/00100_02_0.1s.ARW,images/SonyImages/Sony/long/00100_00_30s.ARW
images/SonyImages/Sony/short/00100_03_0.1s.ARW,images/SonyImages/Sony/long/00100_00_30s.ARW
images/SonyImages/Sony/short/00100_04_0.1s.ARW,images/SonyImages/Sony/long/00100_00_30s.ARW
images/SonyImages/Sony/short/00100_05_0.1s.ARW,images/SonyImages/Sony/long/00100_00_30s.ARW
images/SonyImages/Sony/short/00100_06_0.1s.ARW,images/SonyImages/Sony/long/00100_00_30s.ARW
images/SonyImages/Sony/short/00100_07_0.1s.ARW,images/SonyImages/Sony/long/00100_00_30s.ARW
images/SonyImages/Sony/short/00100_08_0.1s.ARW,images/SonyImages/Sony/long/00100_00_30s.ARW
images/SonyImages/Sony/short/00100_09_0.1s.ARW,images/SonyImages/Sony/long/00100_00_30s.ARW
images/SonyImages/Sony/short/00102_00_0.1s.ARW,images/SonyImages/Sony/long/00102_00_30s.ARW
images/SonyImages/Sony/short/00102_01_0.1s.ARW,images/SonyImages/Sony/long/00102_00_30s.ARW
images/SonyImages/Sony/short/00102_02_0.1s.ARW,images/SonyImages/Sony/long/00102_00_30s.ARW
images/SonyImages/Sony/short/00102_03_0.1s.ARW,images/SonyImages/Sony/long/00102_00_30s.ARW
images/SonyImages/Sony/short/00102_04_0.1s.ARW,images/SonyImages/Sony/long/00102_00_30s.ARW
images/SonyImages/Sony/short/00102_05_0.1s.ARW,images/SonyImages/Sony/long/00102_00_30s.ARW
images/SonyImages/Sony/short/00102_06_0.1s.ARW,images/SonyImages/Sony/long/00102_00_30s.ARW
images/SonyImages/Sony/short/00102_07_0.1s.ARW,images/SonyImages/Sony/long/00102_00_30s.ARW
images/SonyImages/Sony/short/00102_08_0.1s.ARW,images/SonyImages/Sony/long/00102_00_30s.ARW
images/SonyImages/Sony/short/00102_09_0.1s.ARW,images/SonyImages/Sony/long/00102_00_30s.ARW
images/SonyImages/Sony/short/00104_00_0.1s.ARW,images/SonyImages/Sony/long/00104_00_30s.ARW
images/SonyImages/Sony/short/00104_01_0.1s.ARW,images/SonyImages/Sony/long/00104_00_30s.ARW
images/SonyImages/Sony/short/00104_02_0.1s.ARW,images/SonyImages/Sony/long/00104_00_30s.ARW
images/SonyImages/Sony/short/00104_03_0.1s.ARW,images/SonyImages/Sony/long/00104_00_30s.ARW
images/SonyImages/Sony/short/00104_04_0.1s.ARW,images/SonyImages/Sony/long/00104_00_30s.ARW
images/SonyImages/Sony/short/00104_05_0.1s.ARW,images/SonyImages/Sony/long/00104_00_30s.ARW
images/SonyImages/Sony/short/00104_06_0.1s.ARW,images/SonyImages/Sony/long/00104_00_30s.ARW
images/SonyImages/Sony/short/00104_07_0.1s.ARW,images/SonyImages/Sony/long/00104_00_30s.ARW
images/SonyImages/Sony/short/00104_08_0.1s.ARW,images/SonyImages/Sony/long/00104_00_30s.ARW
images/SonyImages/Sony/short/00108_00_0.1s.ARW,images/SonyImages/Sony/long/00108_00_30s.ARW
images/SonyImages/Sony/short/00108_01_0.1s.ARW,images/SonyImages/Sony/long/00108_00_30s.ARW
images/SonyImages/Sony/short/00108_02_0.1s.ARW,images/SonyImages/Sony/long/00108_00_30s.ARW
images/SonyImages/Sony/short/00108_03_0.1s.ARW,images/SonyImages/Sony/long/00108_00_30s.ARW
images/SonyImages/Sony/short/00108_04_0.1s.ARW,images/SonyImages/Sony/long/00108_00_30s.ARW
images/SonyImages/Sony/short/00108_05_0.1s.ARW,images/SonyImages/Sony/long/00108_00_30s.ARW
images/SonyImages/Sony/short/00108_06_0.1s.ARW,images/SonyImages/Sony/long/00108_00_30s.ARW
images/SonyImages/Sony/short/00108_07_0.1s.ARW,images/SonyImages/Sony/long/00108_00_30s.ARW
images/SonyImages/Sony/short/00108_08_0.1s.ARW,images/SonyImages/Sony/long/00108_00_30s.ARW
images/SonyImages/Sony/short/00109_00_0.1s.ARW,images/SonyImages/Sony/long/00109_00_30s.ARW
images/SonyImages/Sony/short/00109_01_0.1s.ARW,images/SonyImages/Sony/long/00109_00_30s.ARW
images/SonyImages/Sony/short/00109_02_0.1s.ARW,images/SonyImages/Sony/long/00109_00_30s.ARW
images/SonyImages/Sony/short/00109_03_0.1s.ARW,images/SonyImages/Sony/long/00109_00_30s.ARW
images/SonyImages/Sony/short/00109_04_0.1s.ARW,images/SonyImages/Sony/long/00109_00_30s.ARW
images/SonyImages/Sony/short/00109_05_0.1s.ARW,images/SonyImages/Sony/long/00109_00_30s.ARW
images/SonyImages/Sony/short/00109_06_0.1s.ARW,images/SonyImages/Sony/long/00109_00_30s.ARW
images/SonyImages/Sony/short/00109_07_0.1s.ARW,images/SonyImages/Sony/long/00109_00_30s.ARW
images/SonyImages/Sony/short/00109_08_0.1s.ARW,images/SonyImages/Sony/long/00109_00_30s.ARW
images/SonyImages/Sony/short/00109_09_0.1s.ARW,images/SonyImages/Sony/long/00109_00_30s.ARW
images/SonyImages/Sony/short/00110_00_0.1s.ARW,images/SonyImages/Sony/long/00110_00_30s.ARW
images/SonyImages/Sony/short/00110_01_0.1s.ARW,images/SonyImages/Sony/long/00110_00_30s.ARW
images/SonyImages/Sony/short/00110_02_0.1s.ARW,images/SonyImages/Sony/long/00110_00_30s.ARW
images/SonyImages/Sony/short/00110_03_0.1s.ARW,images/SonyImages/Sony/long/00110_00_30s.ARW
images/SonyImages/Sony/short/00110_04_0.1s.ARW,images/SonyImages/Sony/long/00110_00_30s.ARW
images/SonyImages/Sony/short/00110_05_0.1s.ARW,images/SonyImages/Sony/long/00110_00_30s.ARW
images/SonyImages/Sony/short/00110_06_0.1s.ARW,images/SonyImages/Sony/long/00110_00_30s.ARW
images/SonyImages/Sony/short/00110_07_0.1s.ARW,images/SonyImages/Sony/long/00110_00_30s.ARW
images/SonyImages/Sony/short/00110_08_0.1s.ARW,images/SonyImages/Sony/long/00110_00_30s.ARW
images/SonyImages/Sony/short/00110_09_0.1s.ARW,images/SonyImages/Sony/long/00110_00_30s.ARW
images/SonyImages/Sony/short/00112_00_0.1s.ARW,images/SonyImages/Sony/long/00112_00_30s.ARW
images/SonyImages/Sony/short/00112_01_0.1s.ARW,images/SonyImages/Sony/long/00112_00_30s.ARW
images/SonyImages/Sony/short/00112_02_0.1s.ARW,images/SonyImages/Sony/long/00112_00_30s.ARW
images/SonyImages/Sony/short/00112_03_0.1s.ARW,images/SonyImages/Sony/long/00112_00_30s.ARW
images/SonyImages/Sony/short/00112_04_0.1s.ARW,images/SonyImages/Sony/long/00112_00_30s.ARW
images/SonyImages/Sony/short/00112_05_0.1s.ARW,images/SonyImages/Sony/long/00112_00_30s.ARW
images/SonyImages/Sony/short/00112_06_0.1s.ARW,images/SonyImages/Sony/long/00112_00_30s.ARW
images/SonyImages/Sony/short/00112_07_0.1s.ARW,images/SonyImages/Sony/long/00112_00_30s.ARW
images/SonyImages/Sony/short/00112_08_0.1s.ARW,images/SonyImages/Sony/long/00112_00_30s.ARW
images/SonyImages/Sony/short/00112_09_0.1s.ARW,images/SonyImages/Sony/long/00112_00_30s.ARW
images/SonyImages/Sony/short/00113_00_0.1s.ARW,images/SonyImages/Sony/long/00113_00_30s.ARW
images/SonyImages/Sony/short/00113_01_0.1s.ARW,images/SonyImages/Sony/long/00113_00_30s.ARW
images/SonyImages/Sony/short/00113_02_0.1s.ARW,images/SonyImages/Sony/long/00113_00_30s.ARW
images/SonyImages/Sony/short/00113_03_0.1s.ARW,images/SonyImages/Sony/long/00113_00_30s.ARW
images/SonyImages/Sony/short/00113_04_0.1s.ARW,images/SonyImages/Sony/long/00113_00_30s.ARW
images/SonyImages/Sony/short/00113_05_0.1s.ARW,images/SonyImages/Sony/long/00113_00_30s.ARW
images/SonyImages/Sony/short/00113_06_0.1s.ARW,images/SonyImages/Sony/long/00113_00_30s.ARW
images/SonyImages/Sony/short/00113_07_0.1s.ARW,images/SonyImages/Sony/long/00113_00_30s.ARW
images/SonyImages/Sony/short/00113_08_0.1s.ARW,images/SonyImages/Sony/long/00113_00_30s.ARW
images/SonyImages/Sony/short/00113_09_0.1s.ARW,images/SonyImages/Sony/long/00113_00_30s.ARW
images/SonyImages/Sony/short/00114_00_0.1s.ARW,images/SonyImages/Sony/long/00114_00_30s.ARW
images/SonyImages/Sony/short/00114_01_0.1s.ARW,images/SonyImages/Sony/long/00114_00_30s.ARW
images/SonyImages/Sony/short/00114_02_0.1s.ARW,images/SonyImages/Sony/long/00114_00_30s.ARW
images/SonyImages/Sony/short/00114_03_0.1s.ARW,images/SonyImages/Sony/long/00114_00_30s.ARW
images/SonyImages/Sony/short/00114_04_0.1s.ARW,images/SonyImages/Sony/long/00114_00_30s.ARW
images/SonyImages/Sony/short/00114_05_0.1s.ARW,images/SonyImages/Sony/long/00114_00_30s.ARW
images/SonyImages/Sony/short/00114_06_0.1s.ARW,images/SonyImages/Sony/long/00114_00_30s.ARW
images/SonyImages/Sony/short/00114_07_0.1s.ARW,images/SonyImages/Sony/long/00114_00_30s.ARW
images/SonyImages/Sony/short/00114_08_0.1s.ARW,images/SonyImages/Sony/long/00114_00_30s.ARW
images/SonyImages/Sony/short/00114_09_0.1s.ARW,images/SonyImages/Sony/long/00114_00_30s.ARW
images/SonyImages/Sony/short/00117_00_0.1s.ARW,images/SonyImages/Sony/long/00117_00_30s.ARW
images/SonyImages/Sony/short/00117_01_0.1s.ARW,images/SonyImages/Sony/long/00117_00_30s.ARW
images/SonyImages/Sony/short/00117_02_0.1s.ARW,images/SonyImages/Sony/long/00117_00_30s.ARW
images/SonyImages/Sony/short/00117_03_0.1s.ARW,images/SonyImages/Sony/long/00117_00_30s.ARW
images/SonyImages/Sony/short/00117_04_0.1s.ARW,images/SonyImages/Sony/long/00117_00_30s.ARW
images/SonyImages/Sony/short/00117_05_0.1s.ARW,images/SonyImages/Sony/long/00117_00_30s.ARW
images/SonyImages/Sony/short/00117_06_0.1s.ARW,images/SonyImages/Sony/long/00117_00_30s.ARW
images/SonyImages/Sony/short/00117_07_0.1s.ARW,images/SonyImages/Sony/long/00117_00_30s.ARW
images/SonyImages/Sony/short/00117_08_0.1s.ARW,images/SonyImages/Sony/long/00117_00_30s.ARW
images/SonyImages/Sony/short/00117_09_0.1s.ARW,images/SonyImages/Sony/long/00117_00_30s.ARW
images/SonyImages/Sony/short/00118_00_0.1s.ARW,images/SonyImages/Sony/long/00118_00_30s.ARW
images/SonyImages/Sony/short/00118_01_0.1s.ARW,images/SonyImages/Sony/long/00118_00_30s.ARW
images/SonyImages/Sony/short/00118_02_0.1s.ARW,images/SonyImages/Sony/long/00118_00_30s.ARW
images/SonyImages/Sony/short/00118_03_0.1s.ARW,images/SonyImages/Sony/long/00118_00_30s.ARW
images/SonyImages/Sony/short/00118_04_0.1s.ARW,images/SonyImages/Sony/long/00118_00_30s.ARW
images/SonyImages/Sony/short/00118_05_0.1s.ARW,images/SonyImages/Sony/long/00118_00_30s.ARW
images/SonyImages/Sony/short/00118_06_0.1s.ARW,images/SonyImages/Sony/long/00118_00_30s.ARW
images/SonyImages/Sony/short/00118_07_0.1s.ARW,images/SonyImages/Sony/long/00118_00_30s.ARW
images/SonyImages/Sony/short/00118_08_0.1s.ARW,images/SonyImages/Sony/long/00118_00_30s.ARW
images/SonyImages/Sony/short/00118_09_0.1s.ARW,images/SonyImages/Sony/long/00118_00_30s.ARW
images/SonyImages/Sony/short/00119_00_0.1s.ARW,images/SonyImages/Sony/long/00119_00_30s.ARW
images/SonyImages/Sony/short/00119_01_0.1s.ARW,images/SonyImages/Sony/long/00119_00_30s.ARW
images/SonyImages/Sony/short/00119_02_0.1s.ARW,images/SonyImages/Sony/long/00119_00_30s.ARW
images/SonyImages/Sony/short/00119_03_0.1s.ARW,images/SonyImages/Sony/long/00119_00_30s.ARW
images/SonyImages/Sony/short/00119_04_0.1s.ARW,images/SonyImages/Sony/long/00119_00_30s.ARW
images/SonyImages/Sony/short/00119_05_0.1s.ARW,images/SonyImages/Sony/long/00119_00_30s.ARW
images/SonyImages/Sony/short/00119_06_0.1s.ARW,images/SonyImages/Sony/long/00119_00_30s.ARW
images/SonyImages/Sony/short/00119_07_0.1s.ARW,images/SonyImages/Sony/long/00119_00_30s.ARW
images/SonyImages/Sony/short/00119_08_0.1s.ARW,images/SonyImages/Sony/long/00119_00_30s.ARW
images/SonyImages/Sony/short/00119_09_0.1s.ARW,images/SonyImages/Sony/long/00119_00_30s.ARW
images/SonyImages/Sony/short/00121_00_0.1s.ARW,images/SonyImages/Sony/long/00121_00_30s.ARW
images/SonyImages/Sony/short/00121_01_0.1s.ARW,images/SonyImages/Sony/long/00121_00_30s.ARW
images/SonyImages/Sony/short/00121_02_0.1s.ARW,images/SonyImages/Sony/long/00121_00_30s.ARW
images/SonyImages/Sony/short/00121_03_0.1s.ARW,images/SonyImages/Sony/long/00121_00_30s.ARW
images/SonyImages/Sony/short/00121_04_0.1s.ARW,images/SonyImages/Sony/long/00121_00_30s.ARW
images/SonyImages/Sony/short/00121_05_0.1s.ARW,images/SonyImages/Sony/long/00121_00_30s.ARW
images/SonyImages/Sony/short/00121_06_0.1s.ARW,images/SonyImages/Sony/long/00121_00_30s.ARW
images/SonyImages/Sony/short/00121_07_0.1s.ARW,images/SonyImages/Sony/long/00121_00_30s.ARW
images/SonyImages/Sony/short/00121_08_0.1s.ARW,images/SonyImages/Sony/long/00121_00_30s.ARW
images/SonyImages/Sony/short/00121_09_0.1s.ARW,images/SonyImages/Sony/long/00121_00_30s.ARW
images/SonyImages/Sony/short/00122_00_0.1s.ARW,images/SonyImages/Sony/long/00122_00_30s.ARW
images/SonyImages/Sony/short/00122_01_0.1s.ARW,images/SonyImages/Sony/long/00122_00_30s.ARW
images/SonyImages/Sony/short/00122_02_0.1s.ARW,images/SonyImages/Sony/long/00122_00_30s.ARW
images/SonyImages/Sony/short/00122_03_0.1s.ARW,images/SonyImages/Sony/long/00122_00_30s.ARW
images/SonyImages/Sony/short/00122_04_0.1s.ARW,images/SonyImages/Sony/long/00122_00_30s.ARW
images/SonyImages/Sony/short/00122_05_0.1s.ARW,images/SonyImages/Sony/long/00122_00_30s.ARW
images/SonyImages/Sony/short/00122_06_0.1s.ARW,images/SonyImages/Sony/long/00122_00_30s.ARW
images/SonyImages/Sony/short/00122_07_0.1s.ARW,images/SonyImages/Sony/long/00122_00_30s.ARW
images/SonyImages/Sony/short/00122_08_0.1s.ARW,images/SonyImages/Sony/long/00122_00_30s.ARW
